date,transaction_no,symbol,buyer_broker,seller_broker,quantity,rate,amount
2026-05-12,TXN-2026-05-12-NABIL-0,NABIL,41,15,50,1221.32,61066.07
2026-05-12,TXN-2026-05-12-NABIL-1,NABIL,15,3,5000,843.65,4218227.65
2026-05-12,TXN-2026-05-12-NABIL-2,NABIL,51,36,1000,921.08,921077.17
2026-05-12,TXN-2026-05-12-NABIL-3,NABIL,2,53,1000,306.85,306849.75
2026-05-12,TXN-2026-05-12-NABIL-4,NABIL,25,55,500,967.06,483532.13
2026-05-12,TXN-2026-05-12-NABIL-5,NABIL,1,3,5000,1176.17,5880826.32
2026-05-12,TXN-2026-05-12-NABIL-6,NABIL,18,47,50,457.04,22852.19
2026-05-12,TXN-2026-05-12-NABIL-7,NABIL,34,8,5000,393.43,1967167.53
2026-05-12,TXN-2026-05-12-NABIL-8,NABIL,22,31,10,755.55,7555.47
2026-05-12,TXN-2026-05-12-NABIL-9,NABIL,51,5,1000,579.86,579858.44
2026-05-12,TXN-2026-05-12-NABIL-10,NABIL,11,12,100,574.42,57442.31
2026-05-12,TXN-2026-05-12-NABIL-11,NABIL,13,55,5000,752.1,3760475.66
2026-05-12,TXN-2026-05-12-NABIL-12,NABIL,50,55,5000,1168.49,5842473.74
2026-05-12,TXN-2026-05-12-NABIL-13,NABIL,40,10,1000,1462.74,1462743.71
2026-05-12,TXN-2026-05-12-NABIL-14,NABIL,55,5,5000,414.96,2074797.17
2026-05-12,TXN-2026-05-12-NABIL-15,NABIL,48,4,10,233.66,2336.57
2026-05-12,TXN-2026-05-12-NABIL-16,NABIL,19,6,100,1345.09,134508.68
2026-05-12,TXN-2026-05-12-NABIL-17,NABIL,23,56,1000,1008.12,1008117.86
2026-05-12,TXN-2026-05-12-NABIL-18,NABIL,59,58,500,600.98,300488.68
2026-05-12,TXN-2026-05-12-NABIL-19,NABIL,15,16,100,1285.0,128499.89
2026-05-12,TXN-2026-05-12-NABIL-20,NABIL,19,3,100,528.37,52836.51
2026-05-12,TXN-2026-05-12-NABIL-21,NABIL,17,33,1000,213.27,213268.31
2026-05-12,TXN-2026-05-12-NABIL-22,NABIL,31,57,5000,1137.31,5686573.9
2026-05-12,TXN-2026-05-12-NABIL-23,NABIL,37,51,500,1376.91,688454.34
2026-05-12,TXN-2026-05-12-NABIL-24,NABIL,35,60,1000,219.02,219016.54
2026-05-12,TXN-2026-05-12-NABIL-25,NABIL,35,28,100,714.52,71452.09
2026-05-12,TXN-2026-05-12-NABIL-26,NABIL,46,36,10,1020.88,10208.82
2026-05-12,TXN-2026-05-12-NABIL-27,NABIL,60,45,1000,594.76,594759.61
2026-05-12,TXN-2026-05-12-NABIL-28,NABIL,31,11,500,719.27,359637.15
2026-05-12,TXN-2026-05-12-NABIL-29,NABIL,49,4,500,1464.74,732371.47
2026-05-12,TXN-2026-05-12-NABIL-30,NABIL,36,45,1000,1101.88,1101883.24
2026-05-12,TXN-2026-05-12-NABIL-31,NABIL,21,18,100,930.72,93071.51
2026-05-12,TXN-2026-05-12-NABIL-32,NABIL,56,19,100,1326.72,132672.07
2026-05-12,TXN-2026-05-12-NABIL-33,NABIL,11,25,50,1121.78,56088.96
2026-05-12,TXN-2026-05-12-NABIL-34,NABIL,6,10,5000,1491.17,7455873.28
2026-05-12,TXN-2026-05-12-NABIL-35,NABIL,56,6,1000,1494.67,1494665.19
2026-05-12,TXN-2026-05-12-NABIL-36,NABIL,46,42,100,451.9,45190.03
2026-05-12,TXN-2026-05-12-NABIL-37,NABIL,45,58,10,895.69,8956.92
2026-05-12,TXN-2026-05-12-NABIL-38,NABIL,4,11,10,1478.75,14787.46
2026-05-12,TXN-2026-05-12-NABIL-39,NABIL,26,56,50,1230.65,61532.34
2026-05-12,TXN-2026-05-12-NABIL-40,NABIL,10,32,50,588.12,29406.19
2026-05-12,TXN-2026-05-12-NABIL-41,NABIL,13,43,500,1353.93,676964.09
2026-05-12,TXN-2026-05-12-NABIL-42,NABIL,34,33,5000,939.63,4698142.1
2026-05-12,TXN-2026-05-12-NABIL-43,NABIL,57,36,1000,1496.9,1496896.25
2026-05-12,TXN-2026-05-12-NABIL-44,NABIL,49,1,100,230.65,23064.91
2026-05-12,TXN-2026-05-12-NABIL-45,NABIL,60,55,10,1319.53,13195.27
2026-05-12,TXN-2026-05-12-NABIL-46,NABIL,11,36,500,1370.03,685016.35
2026-05-12,TXN-2026-05-12-NABIL-47,NABIL,2,53,10,655.82,6558.17
2026-05-12,TXN-2026-05-12-NABIL-48,NABIL,50,38,1000,359.95,359948.26
2026-05-12,TXN-2026-05-12-NABIL-49,NABIL,24,30,10,1370.16,13701.59
2026-05-12,TXN-2026-05-12-NABIL-50,NABIL,14,32,100,911.47,91147.39
2026-05-12,TXN-2026-05-12-NABIL-51,NABIL,13,10,50,590.7,29535.15
2026-05-12,TXN-2026-05-12-NABIL-52,NABIL,38,30,50,664.83,33241.66
2026-05-12,TXN-2026-05-12-NABIL-53,NABIL,21,11,1000,1045.89,1045892.74
2026-05-12,TXN-2026-05-12-NABIL-54,NABIL,4,19,50,1279.72,63985.82
2026-05-12,TXN-2026-05-12-NABIL-55,NABIL,22,2,1000,1421.77,1421773.14
2026-05-12,TXN-2026-05-12-NABIL-56,NABIL,45,5,50,1061.6,53079.97
2026-05-12,TXN-2026-05-12-NABIL-57,NABIL,36,6,50,723.05,36152.26
2026-05-12,TXN-2026-05-12-NABIL-58,NABIL,27,21,5000,902.19,4510948.69
2026-05-12,TXN-2026-05-12-NABIL-59,NABIL,3,55,100,1288.11,128811.35
2026-05-12,TXN-2026-05-12-NABIL-60,NABIL,14,17,1000,229.31,229309.45
2026-05-12,TXN-2026-05-12-NABIL-61,NABIL,31,50,5000,1194.98,5974891.43
2026-05-12,TXN-2026-05-12-NABIL-62,NABIL,35,8,1000,1059.21,1059206.69
2026-05-12,TXN-2026-05-12-NABIL-63,NABIL,14,60,10,1212.83,12128.32
2026-05-12,TXN-2026-05-12-NABIL-64,NABIL,50,31,500,694.67,347335.87
2026-05-12,TXN-2026-05-12-NABIL-65,NABIL,21,52,1000,819.4,819395.42
2026-05-12,TXN-2026-05-12-NABIL-66,NABIL,34,25,50,1124.54,56227.18
2026-05-12,TXN-2026-05-12-NABIL-67,NABIL,17,33,100,1082.92,108291.51
2026-05-12,TXN-2026-05-12-NABIL-68,NABIL,33,43,500,1322.32,661160.35
2026-05-12,TXN-2026-05-12-NABIL-69,NABIL,22,30,5000,917.03,4585138.18
2026-05-12,TXN-2026-05-12-NABIL-70,NABIL,18,52,10,1058.85,10588.51
2026-05-12,TXN-2026-05-12-NABIL-71,NABIL,25,51,1000,400.07,400065.88
2026-05-12,TXN-2026-05-12-NABIL-72,NABIL,7,20,50,258.5,12925.04
2026-05-12,TXN-2026-05-12-NABIL-73,NABIL,60,25,100,633.86,63385.8
2026-05-12,TXN-2026-05-12-NABIL-74,NABIL,38,4,10,580.26,5802.6
2026-05-12,TXN-2026-05-12-NABIL-75,NABIL,43,37,500,1081.16,540578.08
2026-05-12,TXN-2026-05-12-NABIL-76,NABIL,4,28,100,1173.43,117343.2
2026-05-12,TXN-2026-05-12-NABIL-77,NABIL,26,25,10,1101.08,11010.83
2026-05-12,TXN-2026-05-12-NABIL-78,NABIL,37,50,5000,1441.74,7208690.95
2026-05-12,TXN-2026-05-12-NABIL-79,NABIL,24,14,10,627.94,6279.39
2026-05-12,TXN-2026-05-12-NABIL-80,NABIL,2,26,50,320.63,16031.54
2026-05-12,TXN-2026-05-12-NABIL-81,NABIL,12,9,1000,805.38,805380.75
2026-05-12,TXN-2026-05-12-NABIL-82,NABIL,7,12,500,611.56,305778.38
2026-05-12,TXN-2026-05-12-NABIL-83,NABIL,32,37,1000,1095.14,1095140.62
2026-05-12,TXN-2026-05-12-NABIL-84,NABIL,42,24,5000,249.25,1246252.78
2026-05-12,TXN-2026-05-12-NABIL-85,NABIL,47,42,100,436.44,43643.94
2026-05-12,TXN-2026-05-12-NABIL-86,NABIL,51,39,50,876.58,43828.94
2026-05-12,TXN-2026-05-12-NABIL-87,NABIL,14,46,5000,730.33,3651666.61
2026-05-12,TXN-2026-05-12-NABIL-88,NABIL,26,43,50,316.81,15840.57
2026-05-12,TXN-2026-05-12-NABIL-89,NABIL,6,51,5000,243.76,1218824.27
2026-05-12,TXN-2026-05-12-NABIL-90,NABIL,25,16,10,258.25,2582.46
2026-05-12,TXN-2026-05-12-NABIL-91,NABIL,4,19,500,488.35,244173.61
2026-05-12,TXN-2026-05-12-NABIL-92,NABIL,10,21,50,436.29,21814.35
2026-05-12,TXN-2026-05-12-NABIL-93,NABIL,32,8,50,784.97,39248.39
2026-05-12,TXN-2026-05-12-NABIL-94,NABIL,14,3,50,989.25,49462.39
2026-05-12,TXN-2026-05-12-NABIL-95,NABIL,40,17,10,499.87,4998.71
2026-05-12,TXN-2026-05-12-NABIL-96,NABIL,12,3,1000,765.76,765760.99
2026-05-12,TXN-2026-05-12-NABIL-97,NABIL,44,57,50,735.6,36779.76
2026-05-12,TXN-2026-05-12-NABIL-98,NABIL,27,53,50,316.52,15826.25
2026-05-12,TXN-2026-05-12-NABIL-99,NABIL,60,5,50,885.54,44276.8
2026-05-12,TXN-2026-05-12-NABIL-100,NABIL,40,36,10,1015.38,10153.83
2026-05-12,TXN-2026-05-12-NABIL-101,NABIL,28,38,100,445.17,44517.16
2026-05-12,TXN-2026-05-12-NABIL-102,NABIL,11,2,1000,1417.07,1417072.13
2026-05-12,TXN-2026-05-12-NABIL-103,NABIL,16,27,500,1117.2,558601.77
2026-05-12,TXN-2026-05-12-NABIL-104,NABIL,51,47,1000,212.84,212842.65
2026-05-12,TXN-2026-05-12-NABIL-105,NABIL,3,9,100,1179.83,117983.28
2026-05-12,TXN-2026-05-12-NABIL-106,NABIL,40,31,5000,218.21,1091035.96
2026-05-12,TXN-2026-05-12-NABIL-107,NABIL,18,27,10,973.33,9733.25
2026-05-12,TXN-2026-05-12-NABIL-108,NABIL,38,46,10,528.8,5287.99
2026-05-12,TXN-2026-05-12-NABIL-109,NABIL,6,23,10,559.69,5596.9
2026-05-12,TXN-2026-05-12-NABIL-110,NABIL,45,2,1000,1278.9,1278897.75
2026-05-12,TXN-2026-05-12-NABIL-111,NABIL,38,48,1000,879.6,879603.71
2026-05-12,TXN-2026-05-12-NABIL-112,NABIL,58,25,500,1353.27,676635.61
2026-05-12,TXN-2026-05-12-NABIL-113,NABIL,46,44,5000,1403.83,7019137.38
2026-05-12,TXN-2026-05-12-NABIL-114,NABIL,59,14,1000,952.76,952756.71
2026-05-12,TXN-2026-05-12-NABIL-115,NABIL,59,2,10,560.09,5600.87
2026-05-12,TXN-2026-05-12-NABIL-116,NABIL,14,4,5000,979.45,4897261.44
2026-05-12,TXN-2026-05-12-NABIL-117,NABIL,9,55,500,1476.62,738308.51
2026-05-12,TXN-2026-05-12-NABIL-118,NABIL,52,2,1000,846.09,846087.04
2026-05-12,TXN-2026-05-12-NABIL-119,NABIL,34,24,50,378.9,18945.0
2026-05-12,TXN-2026-05-12-NABIL-120,NABIL,30,1,5000,274.13,1370674.06
2026-05-12,TXN-2026-05-12-NABIL-121,NABIL,52,24,10,321.92,3219.24
2026-05-12,TXN-2026-05-12-NABIL-122,NABIL,3,3,5000,1321.16,6605810.57
2026-05-12,TXN-2026-05-12-NABIL-123,NABIL,51,32,500,839.55,419773.65
2026-05-12,TXN-2026-05-12-NABIL-124,NABIL,27,16,500,1467.66,733831.1
2026-05-12,TXN-2026-05-12-NABIL-125,NABIL,39,1,500,1119.1,559547.9
2026-05-12,TXN-2026-05-12-NABIL-126,NABIL,28,15,50,468.82,23441.08
2026-05-12,TXN-2026-05-12-NABIL-127,NABIL,41,59,500,642.81,321402.69
2026-05-12,TXN-2026-05-12-NABIL-128,NABIL,47,23,100,822.55,82255.18
2026-05-12,TXN-2026-05-12-NABIL-129,NABIL,50,35,50,989.92,49495.98
2026-05-12,TXN-2026-05-12-NABIL-130,NABIL,26,21,5000,1046.5,5232506.28
2026-05-12,TXN-2026-05-12-NABIL-131,NABIL,7,7,500,790.46,395229.99
2026-05-12,TXN-2026-05-12-NABIL-132,NABIL,8,13,100,1272.84,127283.53
2026-05-12,TXN-2026-05-12-NABIL-133,NABIL,8,55,1000,464.57,464573.95
2026-05-12,TXN-2026-05-12-NABIL-134,NABIL,11,23,5000,596.63,2983158.11
2026-05-12,TXN-2026-05-12-NABIL-135,NABIL,17,1,500,890.52,445258.15
2026-05-12,TXN-2026-05-12-NABIL-136,NABIL,45,55,100,1173.91,117391.17
2026-05-12,TXN-2026-05-12-NABIL-137,NABIL,13,9,10,864.21,8642.11
2026-05-12,TXN-2026-05-12-NABIL-138,NABIL,59,54,1000,1477.64,1477643.69
2026-05-12,TXN-2026-05-12-NABIL-139,NABIL,29,25,10,557.96,5579.59
2026-05-12,TXN-2026-05-12-NABIL-140,NABIL,10,37,50,1124.13,56206.35
2026-05-12,TXN-2026-05-12-NABIL-141,NABIL,37,48,100,438.21,43820.92
2026-05-12,TXN-2026-05-12-NABIL-142,NABIL,41,19,50,471.27,23563.45
2026-05-12,TXN-2026-05-12-NABIL-143,NABIL,51,52,1000,969.71,969713.04
2026-05-12,TXN-2026-05-12-NABIL-144,NABIL,43,53,100,463.97,46396.99
2026-05-12,TXN-2026-05-12-NABIL-145,NABIL,39,18,10,1499.88,14998.79
2026-05-12,TXN-2026-05-12-NABIL-146,NABIL,38,14,10,1298.26,12982.65
2026-05-12,TXN-2026-05-12-NABIL-147,NABIL,56,37,50,208.88,10444.18
2026-05-12,TXN-2026-05-12-NABIL-148,NABIL,17,10,1000,331.19,331190.63
2026-05-12,TXN-2026-05-12-NABIL-149,NABIL,42,45,100,1131.02,113102.12
2026-05-12,TXN-2026-05-12-NABIL-150,NABIL,46,46,5000,1327.81,6639050.5
2026-05-12,TXN-2026-05-12-NABIL-151,NABIL,58,23,500,1079.08,539541.89
2026-05-12,TXN-2026-05-12-NABIL-152,NABIL,37,19,1000,1083.31,1083305.52
2026-05-12,TXN-2026-05-12-NABIL-153,NABIL,31,45,100,1136.83,113683.04
2026-05-12,TXN-2026-05-12-NABIL-154,NABIL,7,36,500,1396.96,698479.17
2026-05-12,TXN-2026-05-12-NABIL-155,NABIL,26,20,500,277.96,138979.65
2026-05-12,TXN-2026-05-12-NABIL-156,NABIL,18,24,5000,1203.76,6018795.3
2026-05-12,TXN-2026-05-12-NABIL-157,NABIL,32,1,5000,252.92,1264613.1
2026-05-12,TXN-2026-05-12-NABIL-158,NABIL,42,53,5000,352.09,1760463.73
2026-05-12,TXN-2026-05-12-NABIL-159,NABIL,40,5,10,1235.83,12358.28
2026-05-12,TXN-2026-05-12-NABIL-160,NABIL,19,16,1000,235.08,235077.54
2026-05-12,TXN-2026-05-12-NABIL-161,NABIL,3,37,50,1142.01,57100.4
2026-05-12,TXN-2026-05-12-NABIL-162,NABIL,13,5,500,316.39,158197.45
2026-05-12,TXN-2026-05-12-NABIL-163,NABIL,16,4,50,546.72,27335.78
2026-05-12,TXN-2026-05-12-NABIL-164,NABIL,47,44,10,1470.82,14708.2
2026-05-12,TXN-2026-05-12-NABIL-165,NABIL,55,34,1000,413.63,413626.23
2026-05-12,TXN-2026-05-12-NABIL-166,NABIL,23,32,100,268.06,26806.41
2026-05-12,TXN-2026-05-12-NABIL-167,NABIL,47,29,100,783.83,78383.35
2026-05-12,TXN-2026-05-12-NABIL-168,NABIL,9,39,50,452.69,22634.43
2026-05-12,TXN-2026-05-12-NABIL-169,NABIL,23,14,5000,901.7,4508475.02
2026-05-12,TXN-2026-05-12-NABIL-170,NABIL,17,25,50,868.98,43449.2
2026-05-12,TXN-2026-05-12-NABIL-171,NABIL,7,39,10,1425.53,14255.34
2026-05-12,TXN-2026-05-12-NABIL-172,NABIL,26,9,500,1496.26,748130.81
2026-05-12,TXN-2026-05-12-NABIL-173,NABIL,8,46,1000,625.65,625647.79
2026-05-12,TXN-2026-05-12-NABIL-174,NABIL,14,2,500,1005.47,502732.82
2026-05-12,TXN-2026-05-12-NABIL-175,NABIL,25,30,500,634.58,317290.93
2026-05-12,TXN-2026-05-12-NABIL-176,NABIL,44,58,10,912.46,9124.59
2026-05-12,TXN-2026-05-12-NABIL-177,NABIL,9,58,10,1310.02,13100.18
2026-05-12,TXN-2026-05-12-NABIL-178,NABIL,4,33,100,1317.28,131728.34
2026-05-12,TXN-2026-05-12-NABIL-179,NABIL,22,7,1000,1127.55,1127549.17
2026-05-12,TXN-2026-05-12-NABIL-180,NABIL,58,33,50,972.35,48617.27
2026-05-12,TXN-2026-05-12-NABIL-181,NABIL,38,48,500,205.9,102949.79
2026-05-12,TXN-2026-05-12-GBIME-0,GBIME,35,47,10,288.19,2881.95
2026-05-12,TXN-2026-05-12-GBIME-1,GBIME,28,50,5000,1301.56,6507798.37
2026-05-12,TXN-2026-05-12-GBIME-2,GBIME,24,1,100,680.79,68079.18
2026-05-12,TXN-2026-05-12-GBIME-3,GBIME,16,52,50,1261.45,63072.62
2026-05-12,TXN-2026-05-12-GBIME-4,GBIME,30,53,10,514.19,5141.93
2026-05-12,TXN-2026-05-12-GBIME-5,GBIME,40,14,5000,1426.89,7134436.24
2026-05-12,TXN-2026-05-12-GBIME-6,GBIME,29,27,5000,572.62,2863081.75
2026-05-12,TXN-2026-05-12-GBIME-7,GBIME,37,52,1000,1308.83,1308827.8
2026-05-12,TXN-2026-05-12-GBIME-8,GBIME,33,24,1000,935.84,935841.8
2026-05-12,TXN-2026-05-12-GBIME-9,GBIME,51,32,10,367.66,3676.64
2026-05-12,TXN-2026-05-12-GBIME-10,GBIME,28,56,50,515.68,25784.23
2026-05-12,TXN-2026-05-12-GBIME-11,GBIME,5,5,5000,424.67,2123374.91
2026-05-12,TXN-2026-05-12-GBIME-12,GBIME,38,20,10,245.07,2450.7
2026-05-12,TXN-2026-05-12-GBIME-13,GBIME,57,8,500,1401.0,700500.25
2026-05-12,TXN-2026-05-12-GBIME-14,GBIME,55,23,500,996.21,498103.65
2026-05-12,TXN-2026-05-12-GBIME-15,GBIME,31,34,1000,1339.3,1339304.31
2026-05-12,TXN-2026-05-12-GBIME-16,GBIME,39,34,100,565.4,56539.52
2026-05-12,TXN-2026-05-12-GBIME-17,GBIME,18,2,5000,226.46,1132279.98
2026-05-12,TXN-2026-05-12-GBIME-18,GBIME,10,58,5000,382.23,1911140.37
2026-05-12,TXN-2026-05-12-GBIME-19,GBIME,24,21,5000,1057.38,5286888.49
2026-05-12,TXN-2026-05-12-GBIME-20,GBIME,46,35,10,344.36,3443.63
2026-05-12,TXN-2026-05-12-GBIME-21,GBIME,4,8,5000,970.47,4852342.08
2026-05-12,TXN-2026-05-12-GBIME-22,GBIME,22,6,50,697.59,34879.73
2026-05-12,TXN-2026-05-12-GBIME-23,GBIME,23,18,1000,914.21,914206.9
2026-05-12,TXN-2026-05-12-GBIME-24,GBIME,44,46,1000,812.41,812413.93
2026-05-12,TXN-2026-05-12-GBIME-25,GBIME,38,35,10,1027.8,10277.96
2026-05-12,TXN-2026-05-12-GBIME-26,GBIME,55,38,100,674.95,67494.71
2026-05-12,TXN-2026-05-12-GBIME-27,GBIME,17,30,1000,417.46,417456.66
2026-05-12,TXN-2026-05-12-GBIME-28,GBIME,29,49,50,537.88,26894.23
2026-05-12,TXN-2026-05-12-GBIME-29,GBIME,27,38,50,1337.06,66852.81
2026-05-12,TXN-2026-05-12-GBIME-30,GBIME,21,11,10,1300.8,13007.97
2026-05-12,TXN-2026-05-12-GBIME-31,GBIME,35,60,1000,346.82,346822.79
2026-05-12,TXN-2026-05-12-GBIME-32,GBIME,10,32,5000,799.15,3995741.91
2026-05-12,TXN-2026-05-12-GBIME-33,GBIME,19,18,500,816.51,408253.47
2026-05-12,TXN-2026-05-12-GBIME-34,GBIME,32,32,1000,1301.48,1301479.73
2026-05-12,TXN-2026-05-12-GBIME-35,GBIME,13,3,100,1142.03,114203.47
2026-05-12,TXN-2026-05-12-GBIME-36,GBIME,20,43,5000,633.4,3167013.4
2026-05-12,TXN-2026-05-12-GBIME-37,GBIME,44,42,5000,1355.33,6776669.61
2026-05-12,TXN-2026-05-12-GBIME-38,GBIME,29,28,50,1230.53,61526.58
2026-05-12,TXN-2026-05-12-GBIME-39,GBIME,4,9,5000,1169.05,5845230.62
2026-05-12,TXN-2026-05-12-GBIME-40,GBIME,22,50,100,897.45,89745.05
2026-05-12,TXN-2026-05-12-GBIME-41,GBIME,23,17,1000,1172.62,1172624.67
2026-05-12,TXN-2026-05-12-GBIME-42,GBIME,38,50,10,403.12,4031.2
2026-05-12,TXN-2026-05-12-GBIME-43,GBIME,46,52,10,1235.34,12353.37
2026-05-12,TXN-2026-05-12-GBIME-44,GBIME,3,4,100,311.3,31129.74
2026-05-12,TXN-2026-05-12-GBIME-45,GBIME,21,3,500,857.83,428915.75
2026-05-12,TXN-2026-05-12-GBIME-46,GBIME,36,16,50,685.37,34268.56
2026-05-12,TXN-2026-05-12-GBIME-47,GBIME,25,43,1000,1200.89,1200894.19
2026-05-12,TXN-2026-05-12-GBIME-48,GBIME,3,32,500,878.26,439128.69
2026-05-12,TXN-2026-05-12-GBIME-49,GBIME,56,14,50,1115.57,55778.31
2026-05-12,TXN-2026-05-12-GBIME-50,GBIME,41,27,5000,1401.93,7009648.53
2026-05-12,TXN-2026-05-12-GBIME-51,GBIME,31,39,10,909.25,9092.52
2026-05-12,TXN-2026-05-12-GBIME-52,GBIME,5,24,50,876.35,43817.52
2026-05-12,TXN-2026-05-12-GBIME-53,GBIME,48,19,10,268.84,2688.45
2026-05-12,TXN-2026-05-12-GBIME-54,GBIME,10,4,100,1246.57,124656.78
2026-05-12,TXN-2026-05-12-GBIME-55,GBIME,23,20,1000,1401.46,1401458.09
2026-05-12,TXN-2026-05-12-GBIME-56,GBIME,22,58,10,467.0,4670.04
2026-05-12,TXN-2026-05-12-GBIME-57,GBIME,38,46,10,1405.64,14056.38
2026-05-12,TXN-2026-05-12-GBIME-58,GBIME,5,41,1000,751.68,751676.95
2026-05-12,TXN-2026-05-12-GBIME-59,GBIME,8,60,1000,413.82,413821.53
2026-05-12,TXN-2026-05-12-GBIME-60,GBIME,46,32,1000,706.8,706801.22
2026-05-12,TXN-2026-05-12-GBIME-61,GBIME,50,10,50,332.45,16622.43
2026-05-12,TXN-2026-05-12-GBIME-62,GBIME,51,19,10,217.73,2177.26
2026-05-12,TXN-2026-05-12-GBIME-63,GBIME,55,50,100,244.08,24407.78
2026-05-12,TXN-2026-05-12-GBIME-64,GBIME,55,42,1000,1341.3,1341301.34
2026-05-12,TXN-2026-05-12-GBIME-65,GBIME,29,4,10,765.69,7656.93
2026-05-12,TXN-2026-05-12-GBIME-66,GBIME,11,1,1000,1265.58,1265584.81
2026-05-12,TXN-2026-05-12-GBIME-67,GBIME,6,37,50,623.19,31159.48
2026-05-12,TXN-2026-05-12-GBIME-68,GBIME,25,20,5000,853.64,4268201.77
2026-05-12,TXN-2026-05-12-GBIME-69,GBIME,43,53,1000,379.84,379839.12
2026-05-12,TXN-2026-05-12-GBIME-70,GBIME,43,3,500,367.59,183794.44
2026-05-12,TXN-2026-05-12-GBIME-71,GBIME,12,35,5000,459.58,2297911.79
2026-05-12,TXN-2026-05-12-GBIME-72,GBIME,35,21,50,1434.97,71748.32
2026-05-12,TXN-2026-05-12-GBIME-73,GBIME,21,1,10,1427.82,14278.22
2026-05-12,TXN-2026-05-12-GBIME-74,GBIME,21,50,10,253.31,2533.14
2026-05-12,TXN-2026-05-12-GBIME-75,GBIME,57,37,50,1414.16,70708.23
2026-05-12,TXN-2026-05-12-GBIME-76,GBIME,4,44,500,886.92,443458.84
2026-05-12,TXN-2026-05-12-GBIME-77,GBIME,37,32,100,402.74,40274.12
2026-05-12,TXN-2026-05-12-GBIME-78,GBIME,22,12,5000,864.34,4321697.89
2026-05-12,TXN-2026-05-12-GBIME-79,GBIME,18,30,500,513.79,256893.6
2026-05-12,TXN-2026-05-12-GBIME-80,GBIME,1,60,10,1406.91,14069.14
2026-05-12,TXN-2026-05-12-GBIME-81,GBIME,12,60,500,1473.67,736835.08
2026-05-12,TXN-2026-05-12-GBIME-82,GBIME,32,18,100,692.23,69222.67
2026-05-12,TXN-2026-05-12-GBIME-83,GBIME,21,21,100,1427.89,142789.4
2026-05-12,TXN-2026-05-12-GBIME-84,GBIME,39,58,50,1400.31,70015.5
2026-05-12,TXN-2026-05-12-GBIME-85,GBIME,26,22,10,866.07,8660.68
2026-05-12,TXN-2026-05-12-GBIME-86,GBIME,1,29,500,376.5,188247.91
2026-05-12,TXN-2026-05-12-GBIME-87,GBIME,7,59,100,1044.85,104485.47
2026-05-12,TXN-2026-05-12-GBIME-88,GBIME,45,44,5000,442.67,2213371.36
2026-05-12,TXN-2026-05-12-GBIME-89,GBIME,17,25,50,560.79,28039.26
2026-05-12,TXN-2026-05-12-GBIME-90,GBIME,4,24,500,1311.67,655833.88
2026-05-12,TXN-2026-05-12-GBIME-91,GBIME,45,3,50,205.92,10296.01
2026-05-12,TXN-2026-05-12-GBIME-92,GBIME,42,54,100,308.21,30821.15
2026-05-12,TXN-2026-05-12-GBIME-93,GBIME,43,9,500,749.92,374960.22
2026-05-12,TXN-2026-05-12-GBIME-94,GBIME,34,19,50,1463.45,73172.32
2026-05-12,TXN-2026-05-12-GBIME-95,GBIME,47,34,10,1136.66,11366.64
2026-05-12,TXN-2026-05-12-GBIME-96,GBIME,54,39,500,932.3,466149.87
2026-05-12,TXN-2026-05-12-GBIME-97,GBIME,3,6,5000,1002.34,5011678.26
2026-05-12,TXN-2026-05-12-GBIME-98,GBIME,44,31,500,543.32,271661.48
2026-05-12,TXN-2026-05-12-GBIME-99,GBIME,50,34,1000,1174.36,1174355.79
2026-05-12,TXN-2026-05-12-GBIME-100,GBIME,50,49,1000,495.31,495306.19
2026-05-12,TXN-2026-05-12-GBIME-101,GBIME,56,4,50,297.8,14889.83
2026-05-12,TXN-2026-05-12-GBIME-102,GBIME,34,48,50,1026.36,51317.88
2026-05-12,TXN-2026-05-12-GBIME-103,GBIME,38,18,100,601.66,60166.07
2026-05-12,TXN-2026-05-12-GBIME-104,GBIME,8,45,10,208.6,2086.04
2026-05-12,TXN-2026-05-12-GBIME-105,GBIME,24,53,50,1130.86,56543.24
2026-05-12,TXN-2026-05-12-GBIME-106,GBIME,41,27,5000,328.36,1641797.53
2026-05-12,TXN-2026-05-12-GBIME-107,GBIME,27,34,10,450.58,4505.78
2026-05-12,TXN-2026-05-12-GBIME-108,GBIME,11,60,5000,1475.38,7376911.12
2026-05-12,TXN-2026-05-12-GBIME-109,GBIME,27,42,500,589.39,294694.68
2026-05-12,TXN-2026-05-12-GBIME-110,GBIME,56,38,1000,1107.71,1107707.11
2026-05-12,TXN-2026-05-12-GBIME-111,GBIME,57,41,50,220.31,11015.37
2026-05-12,TXN-2026-05-12-GBIME-112,GBIME,5,3,50,480.59,24029.47
2026-05-12,TXN-2026-05-12-GBIME-113,GBIME,35,52,1000,1284.1,1284104.01
2026-05-12,TXN-2026-05-12-GBIME-114,GBIME,52,49,10,650.85,6508.49
2026-05-12,TXN-2026-05-12-GBIME-115,GBIME,5,13,50,1438.98,71948.78
2026-05-12,TXN-2026-05-12-GBIME-116,GBIME,30,49,100,1390.37,139037.05
2026-05-12,TXN-2026-05-12-GBIME-117,GBIME,39,32,5000,446.3,2231485.34
2026-05-12,TXN-2026-05-12-GBIME-118,GBIME,54,54,5000,760.13,3800631.42
2026-05-12,TXN-2026-05-12-GBIME-119,GBIME,60,18,100,1254.15,125414.95
2026-05-12,TXN-2026-05-12-GBIME-120,GBIME,32,9,5000,1411.47,7057371.91
2026-05-12,TXN-2026-05-12-GBIME-121,GBIME,12,7,500,755.37,377685.1
2026-05-12,TXN-2026-05-12-GBIME-122,GBIME,21,52,5000,995.87,4979346.34
2026-05-12,TXN-2026-05-12-GBIME-123,GBIME,13,45,50,1451.18,72559.04
2026-05-12,TXN-2026-05-12-GBIME-124,GBIME,16,12,100,819.68,81968.33
2026-05-12,TXN-2026-05-12-GBIME-125,GBIME,19,9,50,744.59,37229.45
2026-05-12,TXN-2026-05-12-GBIME-126,GBIME,10,4,1000,1145.55,1145546.19
2026-05-12,TXN-2026-05-12-GBIME-127,GBIME,2,60,50,1221.7,61085.07
2026-05-12,TXN-2026-05-12-GBIME-128,GBIME,34,60,100,490.51,49050.81
2026-05-12,TXN-2026-05-12-GBIME-129,GBIME,4,3,50,1119.91,55995.65
2026-05-12,TXN-2026-05-12-GBIME-130,GBIME,2,57,5000,988.89,4944470.49
2026-05-12,TXN-2026-05-12-GBIME-131,GBIME,30,57,5000,1399.72,6998614.16
2026-05-12,TXN-2026-05-12-GBIME-132,GBIME,12,48,1000,241.61,241611.21
2026-05-12,TXN-2026-05-12-GBIME-133,GBIME,31,57,1000,669.19,669189.38
2026-05-12,TXN-2026-05-12-GBIME-134,GBIME,40,19,5000,1470.27,7351373.29
2026-05-12,TXN-2026-05-12-GBIME-135,GBIME,15,47,100,649.78,64977.52
2026-05-12,TXN-2026-05-12-GBIME-136,GBIME,10,39,5000,1199.2,5996008.12
2026-05-12,TXN-2026-05-12-GBIME-137,GBIME,5,19,1000,728.58,728577.11
2026-05-12,TXN-2026-05-12-GBIME-138,GBIME,10,55,1000,872.85,872847.9
2026-05-12,TXN-2026-05-12-GBIME-139,GBIME,25,7,5000,1152.76,5763823.73
2026-05-12,TXN-2026-05-12-GBIME-140,GBIME,38,58,100,1348.85,134885.12
2026-05-12,TXN-2026-05-12-GBIME-141,GBIME,19,16,5000,534.87,2674346.16
2026-05-12,TXN-2026-05-12-GBIME-142,GBIME,30,23,50,835.15,41757.45
2026-05-12,TXN-2026-05-12-GBIME-143,GBIME,58,58,1000,863.04,863043.5
2026-05-12,TXN-2026-05-12-GBIME-144,GBIME,55,56,10,521.97,5219.69
2026-05-12,TXN-2026-05-12-GBIME-145,GBIME,51,34,1000,888.12,888118.32
2026-05-12,TXN-2026-05-12-GBIME-146,GBIME,54,55,10,327.8,3277.99
2026-05-12,TXN-2026-05-12-GBIME-147,GBIME,39,56,5000,303.05,1515249.77
2026-05-12,TXN-2026-05-12-GBIME-148,GBIME,40,17,1000,1176.64,1176643.44
2026-05-12,TXN-2026-05-12-GBIME-149,GBIME,40,46,10,459.36,4593.56
2026-05-12,TXN-2026-05-12-GBIME-150,GBIME,41,17,100,1287.2,128719.64
2026-05-12,TXN-2026-05-12-GBIME-151,GBIME,9,34,5000,748.0,3739992.16
2026-05-12,TXN-2026-05-12-GBIME-152,GBIME,24,54,100,1059.67,105966.7
2026-05-12,TXN-2026-05-12-GBIME-153,GBIME,19,55,500,890.19,445096.16
2026-05-12,TXN-2026-05-12-GBIME-154,GBIME,19,57,10,498.79,4987.94
2026-05-12,TXN-2026-05-12-GBIME-155,GBIME,28,57,1000,342.28,342278.73
2026-05-12,TXN-2026-05-12-GBIME-156,GBIME,52,1,10,463.29,4632.94
2026-05-12,TXN-2026-05-12-GBIME-157,GBIME,48,26,50,317.55,15877.64
2026-05-12,TXN-2026-05-12-GBIME-158,GBIME,57,54,50,540.18,27008.91
2026-05-12,TXN-2026-05-12-GBIME-159,GBIME,33,46,5000,479.99,2399931.34
2026-05-12,TXN-2026-05-12-GBIME-160,GBIME,49,22,10,1045.86,10458.57
2026-05-12,TXN-2026-05-12-GBIME-161,GBIME,44,35,100,384.98,38498.42
2026-05-12,TXN-2026-05-12-GBIME-162,GBIME,14,32,10,719.8,7198.05
2026-05-12,TXN-2026-05-12-GBIME-163,GBIME,60,23,50,591.61,29580.66
2026-05-12,TXN-2026-05-12-GBIME-164,GBIME,34,48,500,926.65,463322.67
2026-05-12,TXN-2026-05-12-GBIME-165,GBIME,23,5,500,1212.26,606130.48
2026-05-12,TXN-2026-05-12-GBIME-166,GBIME,34,26,10,617.42,6174.19
2026-05-12,TXN-2026-05-12-GBIME-167,GBIME,28,15,1000,299.47,299468.6
2026-05-12,TXN-2026-05-12-GBIME-168,GBIME,35,23,500,1487.74,743870.04
2026-05-12,TXN-2026-05-12-GBIME-169,GBIME,42,36,5000,904.86,4524282.54
2026-05-12,TXN-2026-05-12-GBIME-170,GBIME,15,3,5000,665.5,3327524.53
2026-05-12,TXN-2026-05-12-GBIME-171,GBIME,12,30,100,613.75,61374.69
2026-05-12,TXN-2026-05-12-GBIME-172,GBIME,33,26,5000,1008.11,5040551.5
2026-05-12,TXN-2026-05-12-GBIME-173,GBIME,58,48,50,1135.28,56764.24
2026-05-12,TXN-2026-05-12-GBIME-174,GBIME,55,37,10,635.57,6355.66
2026-05-12,TXN-2026-05-12-NTC-0,NTC,38,32,50,356.83,17841.53
2026-05-12,TXN-2026-05-12-NTC-1,NTC,48,5,50,1184.98,59249.03
2026-05-12,TXN-2026-05-12-NTC-2,NTC,15,32,500,1328.65,664327.31
2026-05-12,TXN-2026-05-12-NTC-3,NTC,22,21,1000,1129.2,1129200.23
2026-05-12,TXN-2026-05-12-NTC-4,NTC,58,17,50,1046.9,52344.75
2026-05-12,TXN-2026-05-12-NTC-5,NTC,53,39,500,1399.04,699517.78
2026-05-12,TXN-2026-05-12-NTC-6,NTC,25,31,5000,273.3,1366519.94
2026-05-12,TXN-2026-05-12-NTC-7,NTC,46,43,1000,686.82,686818.86
2026-05-12,TXN-2026-05-12-NTC-8,NTC,52,23,10,1072.14,10721.36
2026-05-12,TXN-2026-05-12-NTC-9,NTC,55,59,10,719.12,7191.22
2026-05-12,TXN-2026-05-12-NTC-10,NTC,26,33,50,406.16,20307.79
2026-05-12,TXN-2026-05-12-NTC-11,NTC,19,23,50,582.03,29101.37
2026-05-12,TXN-2026-05-12-NTC-12,NTC,18,30,100,704.93,70493.3
2026-05-12,TXN-2026-05-12-NTC-13,NTC,47,4,10,682.2,6821.95
2026-05-12,TXN-2026-05-12-NTC-14,NTC,31,12,100,495.82,49582.35
2026-05-12,TXN-2026-05-12-NTC-15,NTC,27,30,10,772.97,7729.7
2026-05-12,TXN-2026-05-12-NTC-16,NTC,46,7,50,1355.1,67754.9
2026-05-12,TXN-2026-05-12-NTC-17,NTC,14,24,50,762.4,38120.22
2026-05-12,TXN-2026-05-12-NTC-18,NTC,58,35,10,1231.64,12316.42
2026-05-12,TXN-2026-05-12-NTC-19,NTC,5,12,100,829.37,82936.8
2026-05-12,TXN-2026-05-12-NTC-20,NTC,58,8,1000,1107.71,1107705.36
2026-05-12,TXN-2026-05-12-NTC-21,NTC,18,4,50,732.96,36647.96
2026-05-12,TXN-2026-05-12-NTC-22,NTC,8,32,500,247.5,123752.15
2026-05-12,TXN-2026-05-12-NTC-23,NTC,5,23,10,457.56,4575.61
2026-05-12,TXN-2026-05-12-NTC-24,NTC,3,6,5000,1248.04,6240217.97
2026-05-12,TXN-2026-05-12-NTC-25,NTC,18,37,50,885.94,44297.06
2026-05-12,TXN-2026-05-12-NTC-26,NTC,55,8,100,370.55,37055.45
2026-05-12,TXN-2026-05-12-NTC-27,NTC,57,48,10,219.24,2192.36
2026-05-12,TXN-2026-05-12-NTC-28,NTC,44,40,50,531.03,26551.28
2026-05-12,TXN-2026-05-12-NTC-29,NTC,10,3,1000,1412.28,1412278.79
2026-05-12,TXN-2026-05-12-NTC-30,NTC,52,51,500,1307.96,653979.8
2026-05-12,TXN-2026-05-12-NTC-31,NTC,42,6,50,1187.15,59357.63
2026-05-12,TXN-2026-05-12-NTC-32,NTC,29,42,10,515.58,5155.8
2026-05-12,TXN-2026-05-12-NTC-33,NTC,17,12,1000,610.06,610056.07
2026-05-12,TXN-2026-05-12-NTC-34,NTC,32,54,1000,1091.24,1091241.84
2026-05-12,TXN-2026-05-12-NTC-35,NTC,6,36,1000,416.49,416489.49
2026-05-12,TXN-2026-05-12-NTC-36,NTC,45,25,100,593.06,59306.26
2026-05-12,TXN-2026-05-12-NTC-37,NTC,44,42,50,321.93,16096.51
2026-05-12,TXN-2026-05-12-NTC-38,NTC,53,6,5000,1224.01,6120025.92
2026-05-12,TXN-2026-05-12-NTC-39,NTC,49,49,500,565.92,282959.25
2026-05-12,TXN-2026-05-12-NTC-40,NTC,22,12,1000,397.27,397274.28
2026-05-12,TXN-2026-05-12-NTC-41,NTC,44,57,1000,1097.55,1097554.21
2026-05-12,TXN-2026-05-12-NTC-42,NTC,58,28,50,1365.85,68292.28
2026-05-12,TXN-2026-05-12-NTC-43,NTC,41,55,500,1338.18,669091.39
2026-05-12,TXN-2026-05-12-NTC-44,NTC,43,40,500,1226.47,613235.62
2026-05-12,TXN-2026-05-12-NTC-45,NTC,38,16,500,1478.45,739226.16
2026-05-12,TXN-2026-05-12-NTC-46,NTC,53,5,5000,542.29,2711427.17
2026-05-12,TXN-2026-05-12-NTC-47,NTC,54,29,100,1376.52,137651.69
2026-05-12,TXN-2026-05-12-NTC-48,NTC,16,11,100,612.16,61215.68
2026-05-12,TXN-2026-05-12-NTC-49,NTC,47,25,100,682.89,68289.16
2026-05-12,TXN-2026-05-12-NTC-50,NTC,13,22,100,1223.06,122305.64
2026-05-12,TXN-2026-05-12-NTC-51,NTC,49,36,100,930.29,93028.78
2026-05-12,TXN-2026-05-12-NTC-52,NTC,13,43,1000,674.63,674627.18
2026-05-12,TXN-2026-05-12-NTC-53,NTC,47,42,10,928.91,9289.1
2026-05-12,TXN-2026-05-12-NTC-54,NTC,33,13,1000,1325.81,1325806.61
2026-05-12,TXN-2026-05-12-NTC-55,NTC,35,14,10,1382.12,13821.24
2026-05-12,TXN-2026-05-12-NTC-56,NTC,35,27,500,1247.3,623649.16
2026-05-12,TXN-2026-05-12-NTC-57,NTC,39,55,5000,1354.31,6771548.28
2026-05-12,TXN-2026-05-12-NTC-58,NTC,6,52,50,750.21,37510.4
2026-05-12,TXN-2026-05-12-NTC-59,NTC,41,51,100,747.9,74789.82
2026-05-12,TXN-2026-05-12-NTC-60,NTC,31,25,10,711.65,7116.53
2026-05-12,TXN-2026-05-12-NTC-61,NTC,57,51,5000,758.69,3793432.75
2026-05-12,TXN-2026-05-12-NTC-62,NTC,24,1,5000,437.43,2187151.73
2026-05-12,TXN-2026-05-12-NTC-63,NTC,43,15,10,1426.2,14261.99
2026-05-12,TXN-2026-05-12-NTC-64,NTC,54,49,1000,1468.43,1468425.58
2026-05-12,TXN-2026-05-12-NTC-65,NTC,33,60,100,395.86,39585.65
2026-05-12,TXN-2026-05-12-NTC-66,NTC,55,48,1000,1471.84,1471839.81
2026-05-12,TXN-2026-05-12-NTC-67,NTC,1,21,10,946.84,9468.38
2026-05-12,TXN-2026-05-12-NTC-68,NTC,38,15,5000,757.04,3785201.85
2026-05-12,TXN-2026-05-12-NTC-69,NTC,14,13,1000,681.26,681259.99
2026-05-12,TXN-2026-05-12-NTC-70,NTC,35,14,5000,1458.67,7293362.62
2026-05-12,TXN-2026-05-12-NTC-71,NTC,21,49,100,346.02,34602.34
2026-05-12,TXN-2026-05-12-NTC-72,NTC,49,6,100,765.88,76588.45
2026-05-12,TXN-2026-05-12-NTC-73,NTC,9,45,1000,718.93,718929.98
2026-05-12,TXN-2026-05-12-NTC-74,NTC,54,8,10,799.92,7999.19
2026-05-12,TXN-2026-05-12-NTC-75,NTC,22,51,100,1151.12,115112.41
2026-05-12,TXN-2026-05-12-NTC-76,NTC,3,20,100,642.08,64208.04
2026-05-12,TXN-2026-05-12-NTC-77,NTC,50,30,5000,239.95,1199730.31
2026-05-12,TXN-2026-05-12-NTC-78,NTC,2,57,10,774.06,7740.64
2026-05-12,TXN-2026-05-12-NTC-79,NTC,12,53,5000,769.59,3847972.07
2026-05-12,TXN-2026-05-12-NTC-80,NTC,31,24,10,341.56,3415.57
2026-05-12,TXN-2026-05-12-NTC-81,NTC,37,9,500,1148.94,574467.7
2026-05-12,TXN-2026-05-12-NTC-82,NTC,49,26,10,1077.67,10776.68
2026-05-12,TXN-2026-05-12-NTC-83,NTC,46,5,50,1213.46,60673.08
2026-05-12,TXN-2026-05-12-NTC-84,NTC,10,34,5000,929.96,4649789.64
2026-05-12,TXN-2026-05-12-NTC-85,NTC,59,4,10,1346.3,13463.01
2026-05-12,TXN-2026-05-12-NTC-86,NTC,45,20,1000,870.01,870007.28
2026-05-12,TXN-2026-05-12-NTC-87,NTC,17,51,100,569.83,56983.19
2026-05-12,TXN-2026-05-12-NTC-88,NTC,15,49,100,1234.54,123454.42
2026-05-12,TXN-2026-05-12-NTC-89,NTC,26,27,100,604.08,60408.35
2026-05-12,TXN-2026-05-12-NTC-90,NTC,21,22,100,211.9,21190.3
2026-05-12,TXN-2026-05-12-NTC-91,NTC,3,7,5000,240.43,1202171.91
2026-05-12,TXN-2026-05-12-NTC-92,NTC,1,36,50,1376.7,68834.75
2026-05-12,TXN-2026-05-12-NTC-93,NTC,15,57,50,1441.54,72076.91
2026-05-12,TXN-2026-05-12-NTC-94,NTC,3,7,10,272.06,2720.62
2026-05-12,TXN-2026-05-12-NTC-95,NTC,27,21,50,1257.99,62899.31
2026-05-12,TXN-2026-05-12-NTC-96,NTC,2,11,50,286.37,14318.4
2026-05-12,TXN-2026-05-12-NTC-97,NTC,10,31,10,809.89,8098.92
2026-05-12,TXN-2026-05-12-NTC-98,NTC,14,19,500,559.98,279989.0
2026-05-12,TXN-2026-05-12-NTC-99,NTC,58,3,10,1381.68,13816.83
2026-05-12,TXN-2026-05-12-NTC-100,NTC,37,44,1000,613.06,613063.58
2026-05-12,TXN-2026-05-12-NTC-101,NTC,1,46,100,683.23,68323.38
2026-05-12,TXN-2026-05-12-NTC-102,NTC,23,32,50,362.33,18116.27
2026-05-12,TXN-2026-05-12-NTC-103,NTC,21,13,1000,1138.64,1138639.92
2026-05-12,TXN-2026-05-12-NTC-104,NTC,38,36,100,235.79,23578.57
2026-05-12,TXN-2026-05-12-NTC-105,NTC,7,13,5000,298.97,1494861.57
2026-05-12,TXN-2026-05-12-NTC-106,NTC,53,42,1000,992.21,992214.72
2026-05-12,TXN-2026-05-12-NTC-107,NTC,20,20,10,1372.57,13725.66
2026-05-12,TXN-2026-05-12-NTC-108,NTC,60,46,5000,294.76,1473816.44
2026-05-12,TXN-2026-05-12-NTC-109,NTC,52,58,1000,467.82,467815.99
2026-05-12,TXN-2026-05-12-NTC-110,NTC,8,26,1000,944.18,944182.05
2026-05-12,TXN-2026-05-12-NTC-111,NTC,43,51,10,1393.52,13935.25
2026-05-12,TXN-2026-05-12-NTC-112,NTC,45,27,10,1168.64,11686.41
2026-05-12,TXN-2026-05-12-NTC-113,NTC,37,13,5000,1470.13,7350652.05
2026-05-12,TXN-2026-05-12-NTC-114,NTC,40,5,10,465.33,4653.33
2026-05-12,TXN-2026-05-12-NTC-115,NTC,56,41,10,404.14,4041.36
2026-05-12,TXN-2026-05-12-NTC-116,NTC,33,40,5000,1093.87,5469338.94
2026-05-12,TXN-2026-05-12-NTC-117,NTC,31,31,5000,282.46,1412276.1
2026-05-12,TXN-2026-05-12-NTC-118,NTC,3,53,10,1465.0,14649.98
2026-05-12,TXN-2026-05-12-NTC-119,NTC,46,28,1000,730.25,730248.85
2026-05-12,TXN-2026-05-12-NTC-120,NTC,55,50,5000,302.52,1512594.48
2026-05-12,TXN-2026-05-12-NTC-121,NTC,51,9,50,813.58,40679.11
2026-05-12,TXN-2026-05-12-NTC-122,NTC,6,52,5000,607.77,3038858.7
2026-05-12,TXN-2026-05-12-NTC-123,NTC,36,24,50,560.4,28019.99
2026-05-12,TXN-2026-05-12-NTC-124,NTC,29,52,500,862.38,431191.72
2026-05-12,TXN-2026-05-12-NTC-125,NTC,45,39,50,541.9,27095.15
2026-05-12,TXN-2026-05-12-NTC-126,NTC,32,53,10,894.12,8941.18
2026-05-12,TXN-2026-05-12-NTC-127,NTC,31,41,10,574.51,5745.12
2026-05-12,TXN-2026-05-12-NTC-128,NTC,12,11,500,772.36,386182.13
2026-05-12,TXN-2026-05-12-NTC-129,NTC,12,42,100,313.59,31359.49
2026-05-12,TXN-2026-05-12-NTC-130,NTC,47,24,5000,1134.29,5671435.05
2026-05-12,TXN-2026-05-12-NTC-131,NTC,16,53,5000,682.46,3412297.49
2026-05-12,TXN-2026-05-12-NTC-132,NTC,21,12,1000,1386.31,1386305.38
2026-05-12,TXN-2026-05-12-NTC-133,NTC,33,44,5000,1027.04,5135222.05
2026-05-12,TXN-2026-05-12-NTC-134,NTC,51,45,1000,674.47,674471.4
2026-05-12,TXN-2026-05-12-NTC-135,NTC,21,60,100,715.16,71515.67
2026-05-12,TXN-2026-05-12-PCBL-0,PCBL,43,38,10,377.33,3773.33
2026-05-12,TXN-2026-05-12-PCBL-1,PCBL,55,15,10,761.05,7610.5
2026-05-12,TXN-2026-05-12-PCBL-2,PCBL,38,13,5000,885.77,4428844.9
2026-05-12,TXN-2026-05-12-PCBL-3,PCBL,49,1,500,796.19,398096.56
2026-05-12,TXN-2026-05-12-PCBL-4,PCBL,53,15,10,768.39,7683.91
2026-05-12,TXN-2026-05-12-PCBL-5,PCBL,32,11,50,1079.77,53988.41
2026-05-12,TXN-2026-05-12-PCBL-6,PCBL,2,54,50,573.28,28663.78
2026-05-12,TXN-2026-05-12-PCBL-7,PCBL,48,59,5000,581.09,2905458.86
2026-05-12,TXN-2026-05-12-PCBL-8,PCBL,54,60,5000,1146.48,5732420.68
2026-05-12,TXN-2026-05-12-PCBL-9,PCBL,37,2,500,1225.79,612892.53
2026-05-12,TXN-2026-05-12-PCBL-10,PCBL,16,9,50,449.37,22468.35
2026-05-12,TXN-2026-05-12-PCBL-11,PCBL,40,50,100,686.16,68615.99
2026-05-12,TXN-2026-05-12-PCBL-12,PCBL,14,24,50,630.45,31522.66
2026-05-12,TXN-2026-05-12-PCBL-13,PCBL,23,6,10,553.92,5539.21
2026-05-12,TXN-2026-05-12-PCBL-14,PCBL,51,57,5000,1330.17,6650867.15
2026-05-12,TXN-2026-05-12-PCBL-15,PCBL,54,19,10,1290.88,12908.76
2026-05-12,TXN-2026-05-12-PCBL-16,PCBL,56,15,5000,1045.6,5228008.95
2026-05-12,TXN-2026-05-12-PCBL-17,PCBL,50,21,50,705.96,35298.1
2026-05-12,TXN-2026-05-12-PCBL-18,PCBL,15,51,500,757.06,378530.4
2026-05-12,TXN-2026-05-12-PCBL-19,PCBL,57,1,10,1047.34,10473.36
2026-05-12,TXN-2026-05-12-PCBL-20,PCBL,19,51,50,234.7,11735.19
2026-05-12,TXN-2026-05-12-PCBL-21,PCBL,58,1,10,475.99,4759.93
2026-05-12,TXN-2026-05-12-PCBL-22,PCBL,56,58,500,1459.19,729596.93
2026-05-12,TXN-2026-05-12-PCBL-23,PCBL,1,31,50,672.34,33616.83
2026-05-12,TXN-2026-05-12-PCBL-24,PCBL,45,27,50,680.89,34044.33
2026-05-12,TXN-2026-05-12-PCBL-25,PCBL,29,40,5000,1125.96,5629777.75
2026-05-12,TXN-2026-05-12-PCBL-26,PCBL,25,1,5000,995.47,4977344.2
2026-05-12,TXN-2026-05-12-PCBL-27,PCBL,51,6,5000,958.42,4792123.85
2026-05-12,TXN-2026-05-12-PCBL-28,PCBL,44,46,50,515.6,25779.81
2026-05-12,TXN-2026-05-12-PCBL-29,PCBL,38,7,1000,561.04,561041.1
2026-05-12,TXN-2026-05-12-PCBL-30,PCBL,26,15,50,1420.31,71015.41
2026-05-12,TXN-2026-05-12-PCBL-31,PCBL,45,6,500,996.07,498037.26
2026-05-12,TXN-2026-05-12-PCBL-32,PCBL,31,32,10,695.32,6953.18
2026-05-12,TXN-2026-05-12-PCBL-33,PCBL,7,37,100,475.62,47561.56
2026-05-12,TXN-2026-05-12-PCBL-34,PCBL,60,48,10,1360.43,13604.26
2026-05-12,TXN-2026-05-12-PCBL-35,PCBL,41,11,500,915.78,457890.15
2026-05-12,TXN-2026-05-12-PCBL-36,PCBL,36,17,1000,1317.8,1317797.07
2026-05-12,TXN-2026-05-12-PCBL-37,PCBL,7,55,100,1445.29,144529.06
2026-05-12,TXN-2026-05-12-PCBL-38,PCBL,58,34,500,1118.51,559253.9
2026-05-12,TXN-2026-05-12-PCBL-39,PCBL,49,26,100,1112.75,111274.68
2026-05-12,TXN-2026-05-12-PCBL-40,PCBL,27,43,5000,603.66,3018323.96
2026-05-12,TXN-2026-05-12-PCBL-41,PCBL,56,43,5000,1310.98,6554913.61
2026-05-12,TXN-2026-05-12-PCBL-42,PCBL,29,44,5000,1493.32,7466607.68
2026-05-12,TXN-2026-05-12-PCBL-43,PCBL,14,29,1000,469.17,469167.64
2026-05-12,TXN-2026-05-12-PCBL-44,PCBL,51,28,1000,309.07,309067.2
2026-05-12,TXN-2026-05-12-PCBL-45,PCBL,36,48,50,233.53,11676.48
2026-05-12,TXN-2026-05-12-PCBL-46,PCBL,6,10,500,598.42,299209.6
2026-05-12,TXN-2026-05-12-PCBL-47,PCBL,5,29,50,453.56,22677.9
2026-05-12,TXN-2026-05-12-PCBL-48,PCBL,11,35,100,1128.41,112840.8
2026-05-12,TXN-2026-05-12-PCBL-49,PCBL,2,19,500,270.57,135283.91
2026-05-12,TXN-2026-05-12-PCBL-50,PCBL,38,40,100,531.55,53155.27
2026-05-12,TXN-2026-05-12-PCBL-51,PCBL,6,38,500,1472.25,736124.27
2026-05-12,TXN-2026-05-12-PCBL-52,PCBL,3,51,50,287.5,14374.85
2026-05-12,TXN-2026-05-12-PCBL-53,PCBL,33,54,10,868.48,8684.79
2026-05-12,TXN-2026-05-12-PCBL-54,PCBL,25,30,50,410.83,20541.73
2026-05-12,TXN-2026-05-12-PCBL-55,PCBL,44,58,1000,1319.06,1319058.24
2026-05-12,TXN-2026-05-12-PCBL-56,PCBL,53,36,1000,1411.04,1411038.33
2026-05-12,TXN-2026-05-12-PCBL-57,PCBL,36,55,50,800.65,40032.56
2026-05-12,TXN-2026-05-12-PCBL-58,PCBL,37,48,5000,255.9,1279479.13
2026-05-12,TXN-2026-05-12-PCBL-59,PCBL,50,48,10,359.48,3594.82
2026-05-12,TXN-2026-05-12-PCBL-60,PCBL,35,51,1000,401.63,401634.03
2026-05-12,TXN-2026-05-12-PCBL-61,PCBL,48,43,50,220.08,11003.87
2026-05-12,TXN-2026-05-12-PCBL-62,PCBL,60,15,500,1387.05,693526.01
2026-05-12,TXN-2026-05-12-PCBL-63,PCBL,30,44,500,428.71,214353.6
2026-05-12,TXN-2026-05-12-PCBL-64,PCBL,11,14,1000,1277.32,1277322.31
2026-05-12,TXN-2026-05-12-PCBL-65,PCBL,50,27,100,476.36,47636.21
2026-05-12,TXN-2026-05-12-PCBL-66,PCBL,54,4,10,290.81,2908.1
2026-05-12,TXN-2026-05-12-PCBL-67,PCBL,3,23,50,1140.29,57014.56
2026-05-12,TXN-2026-05-12-PCBL-68,PCBL,31,4,100,877.52,87752.14
2026-05-12,TXN-2026-05-12-PCBL-69,PCBL,56,31,100,1149.98,114997.64
2026-05-12,TXN-2026-05-12-PCBL-70,PCBL,25,34,500,1139.7,569851.97
2026-05-12,TXN-2026-05-12-PCBL-71,PCBL,3,28,10,788.37,7883.67
2026-05-12,TXN-2026-05-12-PCBL-72,PCBL,25,17,500,473.91,236955.85
2026-05-12,TXN-2026-05-12-PCBL-73,PCBL,44,30,100,593.69,59369.33
2026-05-12,TXN-2026-05-12-PCBL-74,PCBL,33,9,500,377.25,188623.82
2026-05-12,TXN-2026-05-12-PCBL-75,PCBL,31,10,100,567.53,56752.69
2026-05-12,TXN-2026-05-12-PCBL-76,PCBL,3,17,500,1155.38,577690.74
2026-05-12,TXN-2026-05-12-PCBL-77,PCBL,28,26,1000,1444.56,1444564.33
2026-05-12,TXN-2026-05-12-PCBL-78,PCBL,13,28,500,1437.4,718698.74
2026-05-12,TXN-2026-05-12-PCBL-79,PCBL,27,37,10,314.81,3148.11
2026-05-12,TXN-2026-05-12-PCBL-80,PCBL,1,7,10,1075.0,10750.04
2026-05-12,TXN-2026-05-12-PCBL-81,PCBL,18,44,500,1234.88,617440.97
2026-05-12,TXN-2026-05-12-PCBL-82,PCBL,48,35,1000,382.36,382359.25
2026-05-12,TXN-2026-05-12-PCBL-83,PCBL,1,28,500,889.24,444621.51
2026-05-12,TXN-2026-05-12-PCBL-84,PCBL,54,57,10,231.39,2313.89
2026-05-12,TXN-2026-05-12-PCBL-85,PCBL,48,12,1000,1297.94,1297936.71
2026-05-12,TXN-2026-05-12-PCBL-86,PCBL,18,20,500,201.05,100526.31
2026-05-12,TXN-2026-05-12-PCBL-87,PCBL,58,13,10,1118.69,11186.91
2026-05-12,TXN-2026-05-12-HRL-0,HRL,30,7,5000,1167.85,5839247.05
2026-05-12,TXN-2026-05-12-HRL-1,HRL,35,47,100,1442.84,144284.18
2026-05-12,TXN-2026-05-12-HRL-2,HRL,27,20,500,1091.68,545840.26
2026-05-12,TXN-2026-05-12-HRL-3,HRL,50,48,100,979.54,97954.41
2026-05-12,TXN-2026-05-12-HRL-4,HRL,16,3,1000,606.44,606441.66
2026-05-12,TXN-2026-05-12-HRL-5,HRL,42,50,50,540.07,27003.65
2026-05-12,TXN-2026-05-12-HRL-6,HRL,52,35,500,999.35,499676.66
2026-05-12,TXN-2026-05-12-HRL-7,HRL,23,10,5000,402.11,2010543.51
2026-05-12,TXN-2026-05-12-HRL-8,HRL,1,16,50,1479.25,73962.36
2026-05-12,TXN-2026-05-12-HRL-9,HRL,26,11,100,1371.62,137161.94
2026-05-12,TXN-2026-05-12-HRL-10,HRL,22,17,10,922.96,9229.59
2026-05-12,TXN-2026-05-12-HRL-11,HRL,22,27,10,325.83,3258.25
2026-05-12,TXN-2026-05-12-HRL-12,HRL,20,52,5000,1259.38,6296924.52
2026-05-12,TXN-2026-05-12-HRL-13,HRL,27,57,500,978.82,489410.01
2026-05-12,TXN-2026-05-12-HRL-14,HRL,48,25,50,1234.29,61714.65
2026-05-12,TXN-2026-05-12-HRL-15,HRL,25,58,1000,1103.17,1103173.98
2026-05-12,TXN-2026-05-12-HRL-16,HRL,23,42,10,1150.48,11504.76
2026-05-12,TXN-2026-05-12-HRL-17,HRL,46,56,10,762.09,7620.92
2026-05-12,TXN-2026-05-12-HRL-18,HRL,16,34,1000,885.21,885214.99
2026-05-12,TXN-2026-05-12-HRL-19,HRL,13,22,50,953.19,47659.68
2026-05-12,TXN-2026-05-12-HRL-20,HRL,34,59,50,1202.99,60149.51
2026-05-12,TXN-2026-05-12-HRL-21,HRL,51,32,100,1404.05,140405.18
2026-05-12,TXN-2026-05-12-HRL-22,HRL,21,14,10,1415.73,14157.3
2026-05-12,TXN-2026-05-12-HRL-23,HRL,5,28,50,629.14,31457.14
2026-05-12,TXN-2026-05-12-HRL-24,HRL,47,54,10,657.77,6577.72
2026-05-12,TXN-2026-05-12-HRL-25,HRL,13,15,100,518.0,51799.89
2026-05-12,TXN-2026-05-12-HRL-26,HRL,38,49,1000,1406.81,1406807.64
2026-05-12,TXN-2026-05-12-HRL-27,HRL,49,46,100,688.47,68846.93
2026-05-12,TXN-2026-05-12-HRL-28,HRL,1,53,100,610.5,61049.84
2026-05-12,TXN-2026-05-12-HRL-29,HRL,53,60,500,620.65,310327.25
2026-05-12,TXN-2026-05-12-HRL-30,HRL,22,51,10,1065.01,10650.12
2026-05-12,TXN-2026-05-12-HRL-31,HRL,57,15,100,231.0,23100.06
2026-05-12,TXN-2026-05-12-HRL-32,HRL,26,54,100,939.05,93905.19
2026-05-12,TXN-2026-05-12-HRL-33,HRL,60,47,1000,870.95,870953.25
2026-05-12,TXN-2026-05-12-HRL-34,HRL,8,21,10,1382.82,13828.16
2026-05-12,TXN-2026-05-12-HRL-35,HRL,23,59,500,1081.86,540932.3
2026-05-12,TXN-2026-05-12-HRL-36,HRL,55,49,100,925.74,92574.19
2026-05-12,TXN-2026-05-12-HRL-37,HRL,54,8,5000,1356.06,6780287.56
2026-05-12,TXN-2026-05-12-HRL-38,HRL,37,11,500,1016.72,508358.94
2026-05-12,TXN-2026-05-12-HRL-39,HRL,51,21,500,986.46,493230.14
2026-05-12,TXN-2026-05-12-HRL-40,HRL,12,17,1000,593.28,593283.58
2026-05-12,TXN-2026-05-12-HRL-41,HRL,1,42,100,546.36,54636.27
2026-05-12,TXN-2026-05-12-HRL-42,HRL,55,39,10,496.44,4964.38
2026-05-12,TXN-2026-05-12-HRL-43,HRL,4,53,10,731.78,7317.75
2026-05-12,TXN-2026-05-12-HRL-44,HRL,50,6,100,713.84,71384.47
2026-05-12,TXN-2026-05-12-HRL-45,HRL,50,58,10,215.15,2151.48
2026-05-12,TXN-2026-05-12-HRL-46,HRL,54,3,50,401.16,20057.99
2026-05-12,TXN-2026-05-12-HRL-47,HRL,55,31,1000,1271.2,1271200.35
2026-05-12,TXN-2026-05-12-HRL-48,HRL,15,43,10,662.9,6629.05
2026-05-12,TXN-2026-05-12-HRL-49,HRL,19,48,50,507.99,25399.46
2026-05-12,TXN-2026-05-12-HRL-50,HRL,36,43,1000,1306.0,1305997.0
2026-05-12,TXN-2026-05-12-HRL-51,HRL,7,17,5000,575.35,2876747.97
2026-05-12,TXN-2026-05-12-HRL-52,HRL,52,45,500,824.22,412108.81
2026-05-12,TXN-2026-05-12-HRL-53,HRL,2,58,10,843.08,8430.75
2026-05-12,TXN-2026-05-12-HRL-54,HRL,59,42,100,771.89,77189.36
2026-05-12,TXN-2026-05-12-HRL-55,HRL,24,7,500,1339.32,669662.16
2026-05-12,TXN-2026-05-12-HRL-56,HRL,16,25,5000,430.97,2154836.46
2026-05-12,TXN-2026-05-12-HRL-57,HRL,19,51,100,605.76,60575.59
2026-05-12,TXN-2026-05-12-HRL-58,HRL,23,4,10,1494.43,14944.31
2026-05-12,TXN-2026-05-12-HRL-59,HRL,28,8,500,602.04,301020.21
2026-05-12,TXN-2026-05-12-HRL-60,HRL,11,16,10,783.58,7835.78
2026-05-12,TXN-2026-05-12-HRL-61,HRL,40,20,50,1146.88,57343.83
2026-05-12,TXN-2026-05-12-HRL-62,HRL,46,10,1000,304.85,304847.93
2026-05-12,TXN-2026-05-12-HRL-63,HRL,6,8,10,694.03,6940.3
2026-05-12,TXN-2026-05-12-HRL-64,HRL,34,7,100,276.61,27661.17
2026-05-12,TXN-2026-05-12-HRL-65,HRL,32,37,5000,1032.36,5161822.87
2026-05-12,TXN-2026-05-12-HRL-66,HRL,25,32,10,406.28,4062.76
2026-05-12,TXN-2026-05-12-HRL-67,HRL,2,54,1000,876.44,876444.96
2026-05-12,TXN-2026-05-12-HRL-68,HRL,16,40,500,485.08,242537.82
2026-05-12,TXN-2026-05-12-HRL-69,HRL,4,44,5000,1260.94,6304707.54
2026-05-12,TXN-2026-05-12-HRL-70,HRL,5,56,50,1093.27,54663.53
2026-05-12,TXN-2026-05-12-HRL-71,HRL,35,8,50,461.51,23075.63
2026-05-12,TXN-2026-05-12-HRL-72,HRL,6,37,100,462.64,46264.22
2026-05-12,TXN-2026-05-12-HRL-73,HRL,55,27,100,442.63,44263.4
2026-05-12,TXN-2026-05-12-HRL-74,HRL,46,35,10,1057.22,10572.24
2026-05-12,TXN-2026-05-12-HRL-75,HRL,13,41,5000,390.07,1950372.64
2026-05-12,TXN-2026-05-12-HRL-76,HRL,11,13,100,1435.44,143544.29
2026-05-12,TXN-2026-05-12-HRL-77,HRL,25,25,500,506.71,253355.29
2026-05-12,TXN-2026-05-12-HRL-78,HRL,41,22,5000,286.66,1433288.89
2026-05-12,TXN-2026-05-12-HRL-79,HRL,42,17,100,1143.66,114366.12
2026-05-12,TXN-2026-05-12-HRL-80,HRL,27,11,5000,863.64,4318222.38
2026-05-12,TXN-2026-05-12-HRL-81,HRL,41,44,10,708.62,7086.22
2026-05-12,TXN-2026-05-12-HRL-82,HRL,1,42,1000,1394.03,1394032.34
2026-05-12,TXN-2026-05-12-HRL-83,HRL,56,4,1000,1188.04,1188037.11
2026-05-12,TXN-2026-05-12-HRL-84,HRL,12,42,1000,1109.03,1109032.87
2026-05-12,TXN-2026-05-12-HRL-85,HRL,45,51,100,229.64,22964.16
2026-05-12,TXN-2026-05-12-HRL-86,HRL,4,49,5000,1416.46,7082299.07
2026-05-12,TXN-2026-05-12-HRL-87,HRL,10,10,50,727.83,36391.32
2026-05-12,TXN-2026-05-12-HRL-88,HRL,18,50,1000,1463.12,1463119.11
2026-05-12,TXN-2026-05-12-HRL-89,HRL,52,48,10,560.47,5604.7
2026-05-12,TXN-2026-05-12-HRL-90,HRL,50,7,1000,906.02,906019.98
2026-05-12,TXN-2026-05-12-HRL-91,HRL,18,55,5000,1136.26,5681284.98
2026-05-12,TXN-2026-05-12-HRL-92,HRL,19,48,50,293.61,14680.36
2026-05-12,TXN-2026-05-12-HRL-93,HRL,45,58,100,1065.04,106503.8
2026-05-12,TXN-2026-05-12-HRL-94,HRL,22,53,1000,1302.66,1302662.73
2026-05-12,TXN-2026-05-12-HRL-95,HRL,7,24,10,466.34,4663.38
2026-05-12,TXN-2026-05-12-HRL-96,HRL,21,45,1000,768.38,768378.37
2026-05-12,TXN-2026-05-12-HRL-97,HRL,4,53,100,462.94,46293.73
2026-05-12,TXN-2026-05-12-HRL-98,HRL,17,48,100,435.6,43559.73
2026-05-12,TXN-2026-05-12-HRL-99,HRL,3,42,5000,982.91,4914547.22
2026-05-12,TXN-2026-05-12-HRL-100,HRL,48,23,10,1069.5,10694.99
2026-05-12,TXN-2026-05-12-HRL-101,HRL,15,19,10,368.93,3689.34
2026-05-12,TXN-2026-05-12-HRL-102,HRL,27,3,500,1186.2,593101.25
2026-05-12,TXN-2026-05-12-HRL-103,HRL,27,45,100,655.79,65578.71
2026-05-12,TXN-2026-05-12-HRL-104,HRL,18,7,100,1126.92,112692.31
2026-05-12,TXN-2026-05-12-HRL-105,HRL,11,15,5000,1275.4,6376996.4
2026-05-12,TXN-2026-05-12-HRL-106,HRL,18,38,1000,1355.54,1355542.42
2026-05-12,TXN-2026-05-12-HRL-107,HRL,43,18,50,503.15,25157.66
2026-05-12,TXN-2026-05-12-HRL-108,HRL,21,56,100,1317.27,131727.04
2026-05-12,TXN-2026-05-12-HRL-109,HRL,22,16,10,731.14,7311.45
2026-05-12,TXN-2026-05-12-HRL-110,HRL,7,17,100,552.49,55248.89
2026-05-12,TXN-2026-05-12-HRL-111,HRL,28,39,100,746.37,74636.65
2026-05-12,TXN-2026-05-12-HRL-112,HRL,35,26,100,318.01,31800.83
2026-05-12,TXN-2026-05-12-HRL-113,HRL,37,35,50,396.62,19831.13
2026-05-12,TXN-2026-05-12-HRL-114,HRL,9,39,100,705.57,70557.08
2026-05-12,TXN-2026-05-12-HRL-115,HRL,54,60,50,969.43,48471.51
2026-05-12,TXN-2026-05-12-HRL-116,HRL,45,29,1000,1005.91,1005912.87
2026-05-12,TXN-2026-05-12-HRL-117,HRL,21,35,50,918.28,45914.22
2026-05-12,TXN-2026-05-12-HRL-118,HRL,17,44,100,998.27,99826.78
2026-05-12,TXN-2026-05-12-HRL-119,HRL,9,16,5000,462.17,2310863.54
2026-05-12,TXN-2026-05-12-HRL-120,HRL,27,25,100,1181.85,118184.88
2026-05-12,TXN-2026-05-12-HRL-121,HRL,27,10,50,424.63,21231.48
2026-05-12,TXN-2026-05-12-HRL-122,HRL,30,13,5000,529.17,2645834.03
2026-05-12,TXN-2026-05-12-HRL-123,HRL,15,7,10,513.7,5137.04
2026-05-12,TXN-2026-05-12-HRL-124,HRL,36,6,50,900.6,45030.02
2026-05-12,TXN-2026-05-12-HRL-125,HRL,6,36,500,436.64,218318.74
2026-05-12,TXN-2026-05-12-HRL-126,HRL,25,10,100,933.3,93330.01
2026-05-12,TXN-2026-05-12-HRL-127,HRL,14,41,5000,952.73,4763644.29
2026-05-12,TXN-2026-05-12-HRL-128,HRL,11,36,100,647.84,64784.47
2026-05-12,TXN-2026-05-12-HRL-129,HRL,42,60,5000,1170.02,5850112.3
2026-05-12,TXN-2026-05-12-HRL-130,HRL,23,10,5000,935.92,4679575.7
2026-05-12,TXN-2026-05-12-HRL-131,HRL,30,56,500,791.8,395898.72
2026-05-12,TXN-2026-05-12-HRL-132,HRL,16,8,5000,964.9,4824516.99
2026-05-12,TXN-2026-05-12-HRL-133,HRL,8,34,50,949.22,47461.21
2026-05-12,TXN-2026-05-12-HRL-134,HRL,48,30,1000,624.59,624593.77
2026-05-12,TXN-2026-05-12-HRL-135,HRL,1,12,1000,630.19,630190.73
2026-05-12,TXN-2026-05-12-HRL-136,HRL,28,35,50,471.25,23562.59
2026-05-12,TXN-2026-05-12-HRL-137,HRL,17,24,5000,627.01,3135044.3
2026-05-12,TXN-2026-05-12-HRL-138,HRL,59,9,1000,1278.8,1278800.6
2026-05-12,TXN-2026-05-12-HRL-139,HRL,36,42,10,1168.76,11687.62
2026-05-12,TXN-2026-05-12-HRL-140,HRL,46,51,1000,1259.96,1259960.86
2026-05-12,TXN-2026-05-12-HRL-141,HRL,46,58,1000,1007.13,1007128.07
2026-05-12,TXN-2026-05-12-HRL-142,HRL,3,27,1000,1405.87,1405873.91
2026-05-12,TXN-2026-05-12-HRL-143,HRL,4,8,1000,794.36,794361.48
2026-05-12,TXN-2026-05-12-HRL-144,HRL,7,41,50,1187.11,59355.75
2026-05-12,TXN-2026-05-12-HRL-145,HRL,25,40,500,234.79,117395.71
2026-05-12,TXN-2026-05-12-HRL-146,HRL,58,59,50,1247.66,62383.19
2026-05-12,TXN-2026-05-12-HRL-147,HRL,23,9,100,393.56,39356.17
2026-05-12,TXN-2026-05-12-HRL-148,HRL,49,47,1000,241.19,241194.16
2026-05-12,TXN-2026-05-12-HRL-149,HRL,44,31,1000,405.53,405530.13
2026-05-12,TXN-2026-05-12-HRL-150,HRL,32,25,50,971.05,48552.63
2026-05-12,TXN-2026-05-12-HRL-151,HRL,9,46,1000,455.98,455982.18
2026-05-12,TXN-2026-05-12-HRL-152,HRL,18,44,5000,572.87,2864330.64
2026-05-12,TXN-2026-05-12-HRL-153,HRL,10,34,10,244.43,2444.26
2026-05-12,TXN-2026-05-12-HRL-154,HRL,33,17,500,437.24,218619.11
2026-05-12,TXN-2026-05-12-HRL-155,HRL,2,49,10,1478.3,14782.99
2026-05-12,TXN-2026-05-12-HRL-156,HRL,41,42,50,810.1,40505.07
2026-05-12,TXN-2026-05-12-HRL-157,HRL,34,17,5000,703.31,3516532.24
2026-05-12,TXN-2026-05-12-HRL-158,HRL,29,42,5000,431.13,2155632.93
2026-05-12,TXN-2026-05-12-HRL-159,HRL,23,1,5000,1167.34,5836696.06
2026-05-12,TXN-2026-05-12-HRL-160,HRL,3,50,100,1483.27,148326.62
2026-05-12,TXN-2026-05-12-HRL-161,HRL,30,56,500,605.68,302837.63
2026-05-12,TXN-2026-05-12-HRL-162,HRL,39,27,500,967.72,483860.96
2026-05-12,TXN-2026-05-12-HRL-163,HRL,22,44,1000,484.76,484757.99
2026-05-12,TXN-2026-05-12-HRL-164,HRL,53,19,50,794.73,39736.44
2026-05-12,TXN-2026-05-12-HRL-165,HRL,25,28,50,815.83,40791.33
2026-05-12,TXN-2026-05-12-HRL-166,HRL,11,29,100,869.83,86983.45
2026-05-12,TXN-2026-05-12-HRL-167,HRL,13,45,50,1277.2,63860.25
2026-05-12,TXN-2026-05-12-HRL-168,HRL,55,51,10,708.01,7080.12
2026-05-12,TXN-2026-05-12-HRL-169,HRL,4,12,50,909.24,45462.14
2026-05-12,TXN-2026-05-12-HRL-170,HRL,22,44,500,1475.56,737779.97
2026-05-12,TXN-2026-05-12-HRL-171,HRL,34,17,500,347.25,173625.92
2026-05-12,TXN-2026-05-12-UPPER-0,UPPER,6,44,100,693.96,69395.91
2026-05-12,TXN-2026-05-12-UPPER-1,UPPER,11,46,1000,1487.18,1487181.98
2026-05-12,TXN-2026-05-12-UPPER-2,UPPER,31,10,5000,659.23,3296134.09
2026-05-12,TXN-2026-05-12-UPPER-3,UPPER,55,19,100,932.15,93214.75
2026-05-12,TXN-2026-05-12-UPPER-4,UPPER,57,6,100,1038.59,103859.09
2026-05-12,TXN-2026-05-12-UPPER-5,UPPER,16,36,1000,674.24,674236.9
2026-05-12,TXN-2026-05-12-UPPER-6,UPPER,21,17,1000,303.92,303919.18
2026-05-12,TXN-2026-05-12-UPPER-7,UPPER,28,17,500,1391.52,695758.25
2026-05-12,TXN-2026-05-12-UPPER-8,UPPER,20,14,1000,1253.93,1253932.83
2026-05-12,TXN-2026-05-12-UPPER-9,UPPER,9,50,500,953.97,476984.42
2026-05-12,TXN-2026-05-12-UPPER-10,UPPER,12,11,50,1328.36,66418.0
2026-05-12,TXN-2026-05-12-UPPER-11,UPPER,8,29,5000,494.8,2473996.08
2026-05-12,TXN-2026-05-12-UPPER-12,UPPER,15,29,5000,1242.45,6212236.8
2026-05-12,TXN-2026-05-12-UPPER-13,UPPER,27,4,50,1266.26,63313.15
2026-05-12,TXN-2026-05-12-UPPER-14,UPPER,13,30,500,1411.7,705851.66
2026-05-12,TXN-2026-05-12-UPPER-15,UPPER,9,25,5000,571.4,2857014.51
2026-05-12,TXN-2026-05-12-UPPER-16,UPPER,34,45,1000,603.84,603840.36
2026-05-12,TXN-2026-05-12-UPPER-17,UPPER,50,18,10,763.9,7639.04
2026-05-12,TXN-2026-05-12-UPPER-18,UPPER,27,41,100,1305.29,130528.54
2026-05-12,TXN-2026-05-12-UPPER-19,UPPER,1,44,50,1321.81,66090.58
2026-05-12,TXN-2026-05-12-UPPER-20,UPPER,14,48,1000,910.36,910361.54
2026-05-12,TXN-2026-05-12-UPPER-21,UPPER,21,34,10,290.36,2903.65
2026-05-12,TXN-2026-05-12-UPPER-22,UPPER,55,16,10,1388.37,13883.73
2026-05-12,TXN-2026-05-12-UPPER-23,UPPER,26,16,5000,324.41,1622062.96
2026-05-12,TXN-2026-05-12-UPPER-24,UPPER,17,7,1000,555.87,555868.89
2026-05-12,TXN-2026-05-12-UPPER-25,UPPER,25,23,50,611.13,30556.45
2026-05-12,TXN-2026-05-12-UPPER-26,UPPER,42,23,1000,1188.35,1188351.66
2026-05-12,TXN-2026-05-12-UPPER-27,UPPER,34,29,500,534.62,267312.29
2026-05-12,TXN-2026-05-12-UPPER-28,UPPER,13,58,10,322.27,3222.69
2026-05-12,TXN-2026-05-12-UPPER-29,UPPER,8,2,1000,324.22,324220.46
2026-05-12,TXN-2026-05-12-UPPER-30,UPPER,54,2,5000,356.87,1784369.04
2026-05-12,TXN-2026-05-12-UPPER-31,UPPER,45,56,50,1440.03,72001.37
2026-05-12,TXN-2026-05-12-UPPER-32,UPPER,23,28,1000,846.75,846749.69
2026-05-12,TXN-2026-05-12-UPPER-33,UPPER,13,14,500,1333.01,666503.07
2026-05-12,TXN-2026-05-12-UPPER-34,UPPER,40,37,1000,394.77,394768.8
2026-05-12,TXN-2026-05-12-UPPER-35,UPPER,20,37,100,345.27,34527.24
2026-05-12,TXN-2026-05-12-UPPER-36,UPPER,30,3,10,938.77,9387.74
2026-05-12,TXN-2026-05-12-UPPER-37,UPPER,32,19,10,1066.07,10660.73
2026-05-12,TXN-2026-05-12-UPPER-38,UPPER,50,23,50,295.79,14789.36
2026-05-12,TXN-2026-05-12-UPPER-39,UPPER,28,28,5000,751.27,3756333.98
2026-05-12,TXN-2026-05-12-UPPER-40,UPPER,17,6,100,342.48,34248.47
2026-05-12,TXN-2026-05-12-UPPER-41,UPPER,26,48,5000,1468.56,7342817.99
2026-05-12,TXN-2026-05-12-UPPER-42,UPPER,53,54,500,280.23,140114.81
2026-05-12,TXN-2026-05-12-UPPER-43,UPPER,15,60,50,315.63,15781.68
2026-05-12,TXN-2026-05-12-UPPER-44,UPPER,51,36,1000,1316.7,1316698.03
2026-05-12,TXN-2026-05-12-UPPER-45,UPPER,11,41,10,323.0,3230.04
2026-05-12,TXN-2026-05-12-UPPER-46,UPPER,34,30,500,450.08,225039.35
2026-05-12,TXN-2026-05-12-UPPER-47,UPPER,39,45,10,1248.27,12482.68
2026-05-12,TXN-2026-05-12-UPPER-48,UPPER,55,21,100,237.28,23727.66
2026-05-12,TXN-2026-05-12-UPPER-49,UPPER,21,27,500,1310.87,655435.41
2026-05-12,TXN-2026-05-12-UPPER-50,UPPER,18,11,5000,1080.21,5401042.63
2026-05-12,TXN-2026-05-12-UPPER-51,UPPER,3,44,50,1448.57,72428.37
2026-05-12,TXN-2026-05-12-UPPER-52,UPPER,46,49,10,223.42,2234.25
2026-05-12,TXN-2026-05-12-UPPER-53,UPPER,30,12,100,1488.97,148896.75
2026-05-12,TXN-2026-05-12-UPPER-54,UPPER,3,29,1000,1248.28,1248283.24
2026-05-12,TXN-2026-05-12-UPPER-55,UPPER,36,12,100,865.62,86562.41
2026-05-12,TXN-2026-05-12-UPPER-56,UPPER,13,33,1000,1160.67,1160668.99
2026-05-12,TXN-2026-05-12-UPPER-57,UPPER,12,43,5000,959.7,4798479.56
2026-05-12,TXN-2026-05-12-UPPER-58,UPPER,38,15,1000,498.98,498975.8
2026-05-12,TXN-2026-05-12-UPPER-59,UPPER,10,10,100,484.05,48405.23
2026-05-12,TXN-2026-05-12-UPPER-60,UPPER,15,19,100,1093.45,109344.88
2026-05-12,TXN-2026-05-12-UPPER-61,UPPER,32,29,5000,896.56,4482783.86
2026-05-12,TXN-2026-05-12-UPPER-62,UPPER,3,50,1000,1456.52,1456518.7
2026-05-12,TXN-2026-05-12-UPPER-63,UPPER,56,23,500,811.11,405553.36
2026-05-12,TXN-2026-05-12-UPPER-64,UPPER,5,21,1000,1467.52,1467519.67
2026-05-12,TXN-2026-05-12-UPPER-65,UPPER,3,59,500,448.32,224160.87
2026-05-12,TXN-2026-05-12-UPPER-66,UPPER,60,24,100,1375.03,137502.91
2026-05-12,TXN-2026-05-12-UPPER-67,UPPER,37,55,10,301.5,3014.97
2026-05-12,TXN-2026-05-12-UPPER-68,UPPER,53,25,100,770.81,77080.93
2026-05-12,TXN-2026-05-12-UPPER-69,UPPER,47,43,5000,1411.98,7059904.34
2026-05-12,TXN-2026-05-12-UPPER-70,UPPER,21,31,500,1376.14,688069.5
2026-05-12,TXN-2026-05-12-UPPER-71,UPPER,25,27,10,1362.12,13621.23
2026-05-12,TXN-2026-05-12-UPPER-72,UPPER,4,42,500,1138.95,569475.56
2026-05-12,TXN-2026-05-12-UPPER-73,UPPER,17,52,50,1165.08,58253.93
2026-05-12,TXN-2026-05-12-UPPER-74,UPPER,30,28,5000,1100.38,5501879.24
2026-05-12,TXN-2026-05-12-UPPER-75,UPPER,32,5,100,231.45,23144.94
2026-05-12,TXN-2026-05-12-UPPER-76,UPPER,1,12,10,1474.54,14745.35
2026-05-12,TXN-2026-05-12-UPPER-77,UPPER,23,59,1000,1268.97,1268972.57
2026-05-12,TXN-2026-05-12-UPPER-78,UPPER,26,43,50,451.02,22551.13
2026-05-12,TXN-2026-05-12-UPPER-79,UPPER,56,42,1000,1488.98,1488982.75
2026-05-12,TXN-2026-05-12-UPPER-80,UPPER,31,44,10,274.56,2745.64
2026-05-12,TXN-2026-05-12-UPPER-81,UPPER,19,52,10,1000.07,10000.67
2026-05-12,TXN-2026-05-12-UPPER-82,UPPER,53,6,1000,633.96,633959.98
2026-05-12,TXN-2026-05-12-UPPER-83,UPPER,44,38,10,1277.67,12776.73
2026-05-12,TXN-2026-05-12-UPPER-84,UPPER,26,15,10,1438.75,14387.51
2026-05-12,TXN-2026-05-12-UPPER-85,UPPER,38,27,5000,1243.17,6215841.18
2026-05-12,TXN-2026-05-12-UPPER-86,UPPER,23,43,500,502.07,251036.97
2026-05-12,TXN-2026-05-12-UPPER-87,UPPER,40,15,100,976.15,97615.35
2026-05-12,TXN-2026-05-12-UPPER-88,UPPER,9,47,50,864.12,43206.01
2026-05-12,TXN-2026-05-12-UPPER-89,UPPER,40,31,50,1307.01,65350.55
2026-05-12,TXN-2026-05-12-UPPER-90,UPPER,40,4,100,666.57,66657.41
2026-05-12,TXN-2026-05-12-UPPER-91,UPPER,38,7,100,646.38,64637.54
2026-05-12,TXN-2026-05-12-UPPER-92,UPPER,27,44,1000,532.7,532702.34
2026-05-12,TXN-2026-05-12-UPPER-93,UPPER,46,49,5000,1202.87,6014366.67
2026-05-12,TXN-2026-05-12-UPPER-94,UPPER,4,59,500,1256.39,628195.0
2026-05-12,TXN-2026-05-12-UPPER-95,UPPER,55,59,50,377.72,18886.0
2026-05-12,TXN-2026-05-12-UPPER-96,UPPER,41,20,100,507.98,50797.89
2026-05-12,TXN-2026-05-12-UPPER-97,UPPER,33,12,500,838.84,419420.47
2026-05-12,TXN-2026-05-12-UPPER-98,UPPER,43,43,10,709.1,7091.0
2026-05-12,TXN-2026-05-12-UPPER-99,UPPER,55,7,100,465.13,46513.42
2026-05-12,TXN-2026-05-12-UPPER-100,UPPER,3,13,10,453.01,4530.11
2026-05-12,TXN-2026-05-12-UPPER-101,UPPER,13,53,5000,546.34,2731714.49
2026-05-12,TXN-2026-05-12-UPPER-102,UPPER,13,35,50,546.29,27314.45
2026-05-12,TXN-2026-05-12-UPPER-103,UPPER,28,47,500,1294.77,647385.34
2026-05-12,TXN-2026-05-12-UPPER-104,UPPER,33,19,50,404.65,20232.56
2026-05-12,TXN-2026-05-12-UPPER-105,UPPER,21,32,50,531.49,26574.35
2026-05-12,TXN-2026-05-12-UPPER-106,UPPER,29,34,10,944.17,9441.72
2026-05-12,TXN-2026-05-12-UPPER-107,UPPER,37,51,50,640.33,32016.63
2026-05-12,TXN-2026-05-12-UPPER-108,UPPER,3,27,500,687.37,343683.91
2026-05-12,TXN-2026-05-12-UPPER-109,UPPER,6,9,50,466.82,23340.88
2026-05-12,TXN-2026-05-12-UPPER-110,UPPER,43,57,5000,1317.84,6589178.31
2026-05-12,TXN-2026-05-12-UPPER-111,UPPER,50,18,1000,400.63,400628.98
2026-05-12,TXN-2026-05-12-UPPER-112,UPPER,54,25,10,942.51,9425.11
2026-05-12,TXN-2026-05-12-UPPER-113,UPPER,14,37,500,1015.46,507730.73
2026-05-12,TXN-2026-05-12-UPPER-114,UPPER,56,37,500,541.81,270904.9
2026-05-12,TXN-2026-05-12-UPPER-115,UPPER,60,53,100,1405.51,140551.23
2026-05-12,TXN-2026-05-12-UPPER-116,UPPER,33,24,1000,1331.58,1331584.08
2026-05-12,TXN-2026-05-12-UPPER-117,UPPER,26,33,50,1388.89,69444.46
2026-05-12,TXN-2026-05-12-UPPER-118,UPPER,14,18,100,1471.0,147100.18
2026-05-12,TXN-2026-05-12-UPPER-119,UPPER,34,35,50,940.07,47003.31
2026-05-12,TXN-2026-05-12-UPPER-120,UPPER,31,2,50,1377.61,68880.72
2026-05-12,TXN-2026-05-12-UPPER-121,UPPER,14,41,1000,1267.47,1267467.02
2026-05-12,TXN-2026-05-12-UPPER-122,UPPER,27,31,5000,358.67,1793331.48
2026-05-12,TXN-2026-05-12-UPPER-123,UPPER,60,33,5000,1315.13,6575638.12
2026-05-12,TXN-2026-05-12-UPPER-124,UPPER,9,45,5000,1404.52,7022583.27
2026-05-12,TXN-2026-05-12-UPPER-125,UPPER,15,14,50,773.37,38668.75
2026-05-12,TXN-2026-05-12-UPPER-126,UPPER,8,54,1000,946.38,946376.15
2026-05-12,TXN-2026-05-12-UPPER-127,UPPER,20,5,50,819.85,40992.72
2026-05-12,TXN-2026-05-12-UPPER-128,UPPER,40,57,100,712.28,71228.26
2026-05-12,TXN-2026-05-12-UPPER-129,UPPER,10,50,100,611.77,61176.86
2026-05-12,TXN-2026-05-12-UPPER-130,UPPER,59,48,1000,664.3,664303.16
2026-05-12,TXN-2026-05-12-UPPER-131,UPPER,5,59,1000,377.17,377172.58
2026-05-12,TXN-2026-05-12-UPPER-132,UPPER,31,37,50,977.61,48880.26
2026-05-12,TXN-2026-05-12-UPPER-133,UPPER,40,59,10,286.46,2864.62
2026-05-12,TXN-2026-05-12-UPPER-134,UPPER,20,31,5000,1431.48,7157394.65
2026-05-12,TXN-2026-05-12-UPPER-135,UPPER,4,3,10,449.38,4493.77
2026-05-12,TXN-2026-05-12-UPPER-136,UPPER,31,46,10,1260.78,12607.82
2026-05-12,TXN-2026-05-12-UPPER-137,UPPER,21,19,5000,990.18,4950882.06
2026-05-12,TXN-2026-05-12-UPPER-138,UPPER,51,20,500,1237.69,618842.87
2026-05-12,TXN-2026-05-12-UPPER-139,UPPER,15,60,10,1242.71,12427.09
2026-05-12,TXN-2026-05-12-UPPER-140,UPPER,53,39,1000,744.44,744436.18
2026-05-12,TXN-2026-05-12-UPPER-141,UPPER,7,25,100,332.58,33257.78
2026-05-12,TXN-2026-05-12-UPPER-142,UPPER,19,32,5000,1235.76,6178782.59
2026-05-12,TXN-2026-05-12-UPPER-143,UPPER,21,1,500,1383.94,691971.09
2026-05-12,TXN-2026-05-12-UPPER-144,UPPER,57,15,10,1427.97,14279.67
2026-05-12,TXN-2026-05-12-UPPER-145,UPPER,22,29,100,1472.38,147238.42
2026-05-12,TXN-2026-05-12-UPPER-146,UPPER,20,7,1000,1313.76,1313765.0
2026-05-12,TXN-2026-05-12-UPPER-147,UPPER,45,16,5000,1291.13,6455660.82
2026-05-12,TXN-2026-05-12-UPPER-148,UPPER,56,46,500,1300.87,650437.27
2026-05-12,TXN-2026-05-12-UPPER-149,UPPER,60,9,1000,1497.77,1497774.87
2026-05-12,TXN-2026-05-12-UPPER-150,UPPER,54,3,50,678.13,33906.39
2026-05-12,TXN-2026-05-12-UPPER-151,UPPER,56,23,100,1040.23,104022.81
2026-05-12,TXN-2026-05-12-UPPER-152,UPPER,11,9,50,1130.29,56514.48
2026-05-12,TXN-2026-05-12-UPPER-153,UPPER,57,18,1000,1276.53,1276534.08
2026-05-12,TXN-2026-05-12-UPPER-154,UPPER,27,40,10,393.75,3937.5
2026-05-12,TXN-2026-05-12-UPPER-155,UPPER,26,50,100,1286.71,128671.43
2026-05-12,TXN-2026-05-12-UPPER-156,UPPER,45,30,500,1041.72,520858.89
2026-05-12,TXN-2026-05-12-UPPER-157,UPPER,6,59,100,1349.94,134993.75
2026-05-12,TXN-2026-05-12-UPPER-158,UPPER,24,6,5000,471.34,2356714.41
2026-05-12,TXN-2026-05-12-UPPER-159,UPPER,46,49,5000,933.18,4665880.39
2026-05-12,TXN-2026-05-12-UPPER-160,UPPER,43,57,1000,713.4,713397.45
2026-05-12,TXN-2026-05-12-UPPER-161,UPPER,35,27,1000,785.13,785133.38
2026-05-12,TXN-2026-05-12-UPPER-162,UPPER,28,47,5000,859.45,4297273.6
2026-05-12,TXN-2026-05-12-UPPER-163,UPPER,25,43,10,421.19,4211.88
2026-05-12,TXN-2026-05-12-UPPER-164,UPPER,34,9,50,1102.27,55113.46
2026-05-12,TXN-2026-05-12-UPPER-165,UPPER,10,40,500,1425.54,712769.0
2026-05-12,TXN-2026-05-12-UPPER-166,UPPER,21,47,500,359.4,179701.84
2026-05-12,TXN-2026-05-12-UPPER-167,UPPER,55,25,10,203.36,2033.6
2026-05-12,TXN-2026-05-12-UPPER-168,UPPER,43,24,100,849.23,84923.16
2026-05-12,TXN-2026-05-12-UPPER-169,UPPER,20,18,50,1316.06,65803.2
2026-05-12,TXN-2026-05-12-UPPER-170,UPPER,33,5,10,619.24,6192.37
2026-05-12,TXN-2026-05-12-UPPER-171,UPPER,45,40,10,541.7,5416.98
2026-05-12,TXN-2026-05-12-UPPER-172,UPPER,13,15,500,1009.28,504637.65
2026-05-12,TXN-2026-05-12-UPPER-173,UPPER,41,7,5000,363.82,1819077.69
2026-05-12,TXN-2026-05-12-UPPER-174,UPPER,22,29,100,1144.26,114425.99
2026-05-12,TXN-2026-05-12-UPPER-175,UPPER,27,16,50,918.33,45916.29
2026-05-12,TXN-2026-05-12-UPPER-176,UPPER,7,5,1000,395.09,395094.14
2026-05-12,TXN-2026-05-12-UPPER-177,UPPER,28,50,10,1150.45,11504.52
2026-05-12,TXN-2026-05-12-UPPER-178,UPPER,28,2,10,1005.33,10053.3
2026-05-12,TXN-2026-05-12-UPPER-179,UPPER,58,8,500,1213.98,606988.34
2026-05-12,TXN-2026-05-12-UPPER-180,UPPER,2,1,5000,388.99,1944948.44
2026-05-12,TXN-2026-05-12-UPPER-181,UPPER,3,35,50,754.85,37742.68
2026-05-12,TXN-2026-05-12-UPPER-182,UPPER,6,1,50,583.13,29156.61
2026-05-12,TXN-2026-05-12-UPPER-183,UPPER,24,1,500,368.72,184359.53
2026-05-12,TXN-2026-05-12-UPPER-184,UPPER,29,52,100,1381.44,138144.37
2026-05-12,TXN-2026-05-12-UPPER-185,UPPER,47,1,100,1146.84,114683.79
2026-05-12,TXN-2026-05-12-UPPER-186,UPPER,25,48,100,522.04,52204.42
2026-05-12,TXN-2026-05-12-UPPER-187,UPPER,59,34,5000,1376.63,6883130.16
2026-05-12,TXN-2026-05-12-UPPER-188,UPPER,27,51,1000,602.43,602432.19
2026-05-12,TXN-2026-05-12-HDL-0,HDL,35,51,50,605.08,30254.14
2026-05-12,TXN-2026-05-12-HDL-1,HDL,50,58,100,1209.77,120977.18
2026-05-12,TXN-2026-05-12-HDL-2,HDL,59,31,500,259.12,129558.09
2026-05-12,TXN-2026-05-12-HDL-3,HDL,41,39,5000,944.82,4724117.94
2026-05-12,TXN-2026-05-12-HDL-4,HDL,28,50,5000,382.93,1914647.39
2026-05-12,TXN-2026-05-12-HDL-5,HDL,32,37,500,441.13,220565.29
2026-05-12,TXN-2026-05-12-HDL-6,HDL,44,59,500,1386.78,693390.83
2026-05-12,TXN-2026-05-12-HDL-7,HDL,2,7,1000,521.86,521859.03
2026-05-12,TXN-2026-05-12-HDL-8,HDL,45,9,100,281.09,28109.41
2026-05-12,TXN-2026-05-12-HDL-9,HDL,60,54,5000,1493.82,7469092.81
2026-05-12,TXN-2026-05-12-HDL-10,HDL,55,39,1000,854.05,854045.33
2026-05-12,TXN-2026-05-12-HDL-11,HDL,17,14,5000,1192.27,5961350.67
2026-05-12,TXN-2026-05-12-HDL-12,HDL,10,48,5000,1144.33,5721658.13
2026-05-12,TXN-2026-05-12-HDL-13,HDL,22,19,100,1470.5,147049.69
2026-05-12,TXN-2026-05-12-HDL-14,HDL,55,60,5000,385.7,1928523.09
2026-05-12,TXN-2026-05-12-HDL-15,HDL,49,20,500,1056.06,528032.06
2026-05-12,TXN-2026-05-12-HDL-16,HDL,14,14,10,1091.82,10918.22
2026-05-12,TXN-2026-05-12-HDL-17,HDL,14,23,1000,878.77,878771.95
2026-05-12,TXN-2026-05-12-HDL-18,HDL,55,53,1000,980.71,980706.48
2026-05-12,TXN-2026-05-12-HDL-19,HDL,42,19,50,814.67,40733.61
2026-05-12,TXN-2026-05-12-HDL-20,HDL,37,27,1000,914.74,914740.34
2026-05-12,TXN-2026-05-12-HDL-21,HDL,9,27,5000,1439.16,7195801.02
2026-05-12,TXN-2026-05-12-HDL-22,HDL,13,50,500,994.92,497461.36
2026-05-12,TXN-2026-05-12-HDL-23,HDL,10,26,1000,1327.95,1327954.31
2026-05-12,TXN-2026-05-12-HDL-24,HDL,38,39,100,847.3,84730.3
2026-05-12,TXN-2026-05-12-HDL-25,HDL,48,49,500,539.94,269968.6
2026-05-12,TXN-2026-05-12-HDL-26,HDL,11,8,1000,898.42,898424.0
2026-05-12,TXN-2026-05-12-HDL-27,HDL,51,25,50,1129.81,56490.3
2026-05-12,TXN-2026-05-12-HDL-28,HDL,14,4,50,1236.1,61804.75
2026-05-12,TXN-2026-05-12-HDL-29,HDL,26,14,1000,1317.75,1317754.91
2026-05-12,TXN-2026-05-12-HDL-30,HDL,47,7,10,363.15,3631.45
2026-05-12,TXN-2026-05-12-HDL-31,HDL,3,33,100,592.57,59256.69
2026-05-12,TXN-2026-05-12-HDL-32,HDL,2,54,500,944.26,472130.73
2026-05-12,TXN-2026-05-12-HDL-33,HDL,21,48,1000,1400.35,1400351.19
2026-05-12,TXN-2026-05-12-HDL-34,HDL,36,3,100,252.04,25204.25
2026-05-12,TXN-2026-05-12-HDL-35,HDL,45,50,500,554.13,277065.23
2026-05-12,TXN-2026-05-12-HDL-36,HDL,26,37,5000,1395.4,6976999.77
2026-05-12,TXN-2026-05-12-HDL-37,HDL,22,28,50,611.14,30556.82
2026-05-12,TXN-2026-05-12-HDL-38,HDL,59,53,1000,261.52,261523.42
2026-05-12,TXN-2026-05-12-HDL-39,HDL,3,36,5000,219.77,1098827.3
2026-05-12,TXN-2026-05-12-HDL-40,HDL,3,16,1000,389.16,389160.33
2026-05-12,TXN-2026-05-12-HDL-41,HDL,3,37,1000,592.34,592341.82
2026-05-12,TXN-2026-05-12-HDL-42,HDL,29,25,100,751.85,75185.22
2026-05-12,TXN-2026-05-12-HDL-43,HDL,20,21,1000,450.68,450676.68
2026-05-12,TXN-2026-05-12-HDL-44,HDL,2,17,100,407.9,40790.05
2026-05-12,TXN-2026-05-12-HDL-45,HDL,31,16,1000,305.9,305903.67
2026-05-12,TXN-2026-05-12-HDL-46,HDL,54,57,100,329.88,32987.81
2026-05-12,TXN-2026-05-12-HDL-47,HDL,41,32,100,480.71,48071.23
2026-05-12,TXN-2026-05-12-HDL-48,HDL,32,48,1000,288.94,288936.53
2026-05-12,TXN-2026-05-12-HDL-49,HDL,27,30,5000,1152.28,5761389.55
2026-05-12,TXN-2026-05-12-HDL-50,HDL,51,15,500,1330.87,665435.04
2026-05-12,TXN-2026-05-12-HDL-51,HDL,50,56,5000,897.49,4487449.6
2026-05-12,TXN-2026-05-12-HDL-52,HDL,7,52,1000,1475.24,1475237.52
2026-05-12,TXN-2026-05-12-HDL-53,HDL,33,33,1000,468.35,468354.91
2026-05-12,TXN-2026-05-12-HDL-54,HDL,3,22,50,1301.02,65050.83
2026-05-12,TXN-2026-05-12-HDL-55,HDL,11,28,10,395.6,3955.98
2026-05-12,TXN-2026-05-12-HDL-56,HDL,59,54,100,1390.44,139044.46
2026-05-12,TXN-2026-05-12-HDL-57,HDL,13,31,500,1356.09,678042.82
2026-05-12,TXN-2026-05-12-HDL-58,HDL,49,51,10,409.54,4095.43
2026-05-12,TXN-2026-05-12-HDL-59,HDL,41,52,5000,1158.07,5790328.76
2026-05-12,TXN-2026-05-12-HDL-60,HDL,16,42,100,879.35,87935.48
2026-05-12,TXN-2026-05-12-HDL-61,HDL,28,35,500,372.8,186400.17
2026-05-12,TXN-2026-05-12-HDL-62,HDL,7,16,50,301.67,15083.6
2026-05-12,TXN-2026-05-12-HDL-63,HDL,4,48,500,611.5,305749.32
2026-05-12,TXN-2026-05-12-HDL-64,HDL,58,21,5000,1465.09,7325437.34
2026-05-12,TXN-2026-05-12-HDL-65,HDL,11,59,50,1398.46,69922.95
2026-05-12,TXN-2026-05-12-HDL-66,HDL,5,16,100,348.44,34844.13
2026-05-12,TXN-2026-05-12-HDL-67,HDL,33,3,5000,978.42,4892079.84
2026-05-12,TXN-2026-05-12-HDL-68,HDL,1,55,500,475.26,237627.66
2026-05-12,TXN-2026-05-12-HDL-69,HDL,8,5,500,1337.43,668715.52
2026-05-12,TXN-2026-05-12-HDL-70,HDL,1,15,1000,282.77,282768.86
2026-05-12,TXN-2026-05-12-HDL-71,HDL,5,35,500,774.44,387218.47
2026-05-12,TXN-2026-05-12-HDL-72,HDL,30,17,100,317.12,31712.48
2026-05-12,TXN-2026-05-12-HDL-73,HDL,17,45,5000,1346.99,6734941.33
2026-05-12,TXN-2026-05-12-HDL-74,HDL,44,59,100,530.71,53071.01
2026-05-12,TXN-2026-05-12-HDL-75,HDL,38,13,10,1203.12,12031.23
2026-05-12,TXN-2026-05-12-HDL-76,HDL,10,24,100,279.07,27907.05
2026-05-12,TXN-2026-05-12-HDL-77,HDL,58,40,500,501.28,250638.13
2026-05-12,TXN-2026-05-12-HDL-78,HDL,47,38,100,970.78,97078.18
2026-05-12,TXN-2026-05-12-HDL-79,HDL,26,48,5000,774.23,3871129.84
2026-05-12,TXN-2026-05-12-HDL-80,HDL,34,29,5000,489.7,2448497.24
2026-05-12,TXN-2026-05-12-HDL-81,HDL,52,36,5000,1406.62,7033114.65
2026-05-12,TXN-2026-05-12-HDL-82,HDL,59,35,500,1063.68,531841.92
2026-05-12,TXN-2026-05-12-HDL-83,HDL,45,60,100,1185.32,118531.87
2026-05-12,TXN-2026-05-12-HDL-84,HDL,54,24,5000,1389.46,6947302.26
2026-05-12,TXN-2026-05-12-HDL-85,HDL,51,29,100,1300.32,130032.47
2026-05-12,TXN-2026-05-12-HDL-86,HDL,24,25,50,1150.13,57506.65
2026-05-12,TXN-2026-05-12-HDL-87,HDL,14,60,50,638.6,31930.21
2026-05-12,TXN-2026-05-12-HDL-88,HDL,27,2,10,704.99,7049.88
2026-05-12,TXN-2026-05-12-HDL-89,HDL,41,5,1000,722.82,722815.46
2026-05-12,TXN-2026-05-12-HDL-90,HDL,45,53,100,644.64,64464.14
2026-05-12,TXN-2026-05-12-HDL-91,HDL,4,4,10,1159.0,11590.02
2026-05-12,TXN-2026-05-12-HDL-92,HDL,25,9,5000,1299.48,6497417.52
2026-05-12,TXN-2026-05-12-HDL-93,HDL,53,6,1000,1285.79,1285786.62
2026-05-12,TXN-2026-05-12-HDL-94,HDL,46,5,10,1217.54,12175.39
2026-05-12,TXN-2026-05-12-HDL-95,HDL,30,21,500,1451.73,725863.39
2026-05-12,TXN-2026-05-12-HDL-96,HDL,25,48,500,414.38,207191.47
2026-05-12,TXN-2026-05-12-HDL-97,HDL,56,37,1000,570.46,570455.35
2026-05-12,TXN-2026-05-12-HDL-98,HDL,14,18,1000,713.66,713655.75
2026-05-12,TXN-2026-05-12-HDL-99,HDL,2,42,5000,1173.75,5868755.02
2026-05-12,TXN-2026-05-12-HDL-100,HDL,58,18,1000,225.6,225596.1
2026-05-12,TXN-2026-05-12-HDL-101,HDL,9,13,100,490.16,49015.65
2026-05-12,TXN-2026-05-12-HDL-102,HDL,53,15,500,902.09,451045.09
2026-05-12,TXN-2026-05-12-HDL-103,HDL,14,24,500,932.53,466263.54
2026-05-12,TXN-2026-05-12-HDL-104,HDL,43,38,1000,1488.13,1488129.82
2026-05-12,TXN-2026-05-12-HDL-105,HDL,2,27,50,369.7,18484.99
2026-05-12,TXN-2026-05-12-HDL-106,HDL,56,50,50,451.54,22577.13
2026-05-12,TXN-2026-05-12-HDL-107,HDL,33,31,500,1261.82,630911.72
2026-05-12,TXN-2026-05-12-HDL-108,HDL,22,39,1000,603.97,603969.96
2026-05-12,TXN-2026-05-12-HDL-109,HDL,24,41,5000,380.92,1904592.35
2026-05-12,TXN-2026-05-12-HDL-110,HDL,22,34,5000,782.2,3911000.97
2026-05-12,TXN-2026-05-12-HDL-111,HDL,39,49,5000,1291.49,6457449.39
2026-05-12,TXN-2026-05-12-HDL-112,HDL,59,48,100,648.24,64823.64
2026-05-12,TXN-2026-05-12-HDL-113,HDL,47,33,50,901.77,45088.34
2026-05-12,TXN-2026-05-12-HDL-114,HDL,34,14,10,833.86,8338.61
2026-05-12,TXN-2026-05-12-SHL-0,SHL,30,29,1000,579.73,579730.4
2026-05-12,TXN-2026-05-12-SHL-1,SHL,30,9,500,305.6,152801.65
2026-05-12,TXN-2026-05-12-SHL-2,SHL,59,50,10,1096.05,10960.51
2026-05-12,TXN-2026-05-12-SHL-3,SHL,22,31,5000,1153.46,5767294.44
2026-05-12,TXN-2026-05-12-SHL-4,SHL,21,20,500,1277.77,638883.33
2026-05-12,TXN-2026-05-12-SHL-5,SHL,47,36,10,1068.32,10683.23
2026-05-12,TXN-2026-05-12-SHL-6,SHL,37,37,5000,629.0,3144998.59
2026-05-12,TXN-2026-05-12-SHL-7,SHL,15,56,5000,650.22,3251092.8
2026-05-12,TXN-2026-05-12-SHL-8,SHL,25,60,1000,703.79,703789.88
2026-05-12,TXN-2026-05-12-SHL-9,SHL,33,45,10,632.0,6320.02
2026-05-12,TXN-2026-05-12-SHL-10,SHL,52,54,50,274.61,13730.48
2026-05-12,TXN-2026-05-12-SHL-11,SHL,2,6,5000,890.75,4453752.88
2026-05-12,TXN-2026-05-12-SHL-12,SHL,51,57,5000,1307.39,6536965.48
2026-05-12,TXN-2026-05-12-SHL-13,SHL,28,35,1000,762.36,762359.9
2026-05-12,TXN-2026-05-12-SHL-14,SHL,44,31,100,1304.29,130428.86
2026-05-12,TXN-2026-05-12-SHL-15,SHL,49,22,100,1459.13,145912.76
2026-05-12,TXN-2026-05-12-SHL-16,SHL,20,53,500,792.19,396095.24
2026-05-12,TXN-2026-05-12-SHL-17,SHL,39,22,100,347.5,34749.96
2026-05-12,TXN-2026-05-12-SHL-18,SHL,36,23,500,1421.22,710608.41
2026-05-12,TXN-2026-05-12-SHL-19,SHL,17,37,5000,1327.67,6638350.14
2026-05-12,TXN-2026-05-12-SHL-20,SHL,41,47,500,1457.93,728965.91
2026-05-12,TXN-2026-05-12-SHL-21,SHL,14,51,50,762.03,38101.29
2026-05-12,TXN-2026-05-12-SHL-22,SHL,42,24,100,536.49,53649.29
2026-05-12,TXN-2026-05-12-SHL-23,SHL,41,10,100,339.56,33955.71
2026-05-12,TXN-2026-05-12-SHL-24,SHL,25,43,50,538.67,26933.27
2026-05-12,TXN-2026-05-12-SHL-25,SHL,50,53,500,722.82,361411.97
2026-05-12,TXN-2026-05-12-SHL-26,SHL,10,15,100,924.17,92417.37
2026-05-12,TXN-2026-05-12-SHL-27,SHL,30,20,5000,1367.62,6838114.57
2026-05-12,TXN-2026-05-12-SHL-28,SHL,5,47,5000,1213.73,6068662.79
2026-05-12,TXN-2026-05-12-SHL-29,SHL,26,45,1000,518.94,518939.54
2026-05-12,TXN-2026-05-12-SHL-30,SHL,50,30,500,958.68,479342.33
2026-05-12,TXN-2026-05-12-SHL-31,SHL,1,32,10,1200.34,12003.44
2026-05-12,TXN-2026-05-12-SHL-32,SHL,51,25,1000,1253.73,1253731.74
2026-05-12,TXN-2026-05-12-SHL-33,SHL,15,12,5000,861.89,4309456.53
2026-05-12,TXN-2026-05-12-SHL-34,SHL,28,49,1000,272.71,272706.1
2026-05-12,TXN-2026-05-12-SHL-35,SHL,35,32,500,1383.28,691639.3
2026-05-12,TXN-2026-05-12-SHL-36,SHL,35,2,1000,805.33,805330.09
2026-05-12,TXN-2026-05-12-SHL-37,SHL,44,42,50,255.82,12790.86
2026-05-12,TXN-2026-05-12-SHL-38,SHL,53,49,100,333.31,33330.53
2026-05-12,TXN-2026-05-12-SHL-39,SHL,46,39,500,339.72,169858.22
2026-05-12,TXN-2026-05-12-SHL-40,SHL,56,60,50,207.62,10380.93
2026-05-12,TXN-2026-05-12-SHL-41,SHL,48,6,1000,325.13,325131.33
2026-05-12,TXN-2026-05-12-SHL-42,SHL,2,3,500,1437.54,718768.4
2026-05-12,TXN-2026-05-12-SHL-43,SHL,56,57,50,879.79,43989.45
2026-05-12,TXN-2026-05-12-SHL-44,SHL,60,10,500,473.57,236786.58
2026-05-12,TXN-2026-05-12-SHL-45,SHL,54,45,50,436.12,21806.0
2026-05-12,TXN-2026-05-12-SHL-46,SHL,39,55,500,1454.48,727241.33
2026-05-12,TXN-2026-05-12-SHL-47,SHL,21,7,500,396.09,198046.4
2026-05-12,TXN-2026-05-12-SHL-48,SHL,47,41,500,967.72,483859.91
2026-05-12,TXN-2026-05-12-SHL-49,SHL,31,32,50,488.85,24442.29
2026-05-12,TXN-2026-05-12-SHL-50,SHL,6,41,5000,465.06,2325324.04
2026-05-12,TXN-2026-05-12-SHL-51,SHL,26,29,50,240.17,12008.39
2026-05-12,TXN-2026-05-12-SHL-52,SHL,57,27,500,1087.76,543880.46
2026-05-12,TXN-2026-05-12-SHL-53,SHL,22,5,50,685.56,34277.97
2026-05-12,TXN-2026-05-12-SHL-54,SHL,33,55,500,652.83,326413.1
2026-05-12,TXN-2026-05-12-SHL-55,SHL,57,2,1000,513.42,513415.61
2026-05-12,TXN-2026-05-12-SHL-56,SHL,30,56,100,910.5,91049.56
2026-05-12,TXN-2026-05-12-SHL-57,SHL,19,57,50,529.59,26479.52
2026-05-12,TXN-2026-05-12-SHL-58,SHL,40,26,10,1220.14,12201.42
2026-05-12,TXN-2026-05-12-SHL-59,SHL,49,1,10,744.37,7443.71
2026-05-12,TXN-2026-05-12-SHL-60,SHL,52,32,50,361.41,18070.55
2026-05-12,TXN-2026-05-12-SHL-61,SHL,8,15,50,1089.54,54477.15
2026-05-12,TXN-2026-05-12-SHL-62,SHL,17,13,100,935.94,93593.59
2026-05-12,TXN-2026-05-12-SHL-63,SHL,7,9,50,849.63,42481.25
2026-05-12,TXN-2026-05-12-SHL-64,SHL,41,28,500,795.45,397725.07
2026-05-12,TXN-2026-05-12-SHL-65,SHL,24,40,5000,422.63,2113155.73
2026-05-12,TXN-2026-05-12-SHL-66,SHL,4,28,5000,358.3,1791493.89
2026-05-12,TXN-2026-05-12-SHL-67,SHL,9,27,10,1054.6,10545.99
2026-05-12,TXN-2026-05-12-SHL-68,SHL,11,18,1000,915.57,915567.23
2026-05-12,TXN-2026-05-12-SHL-69,SHL,7,29,500,479.7,239847.95
2026-05-12,TXN-2026-05-12-SHL-70,SHL,30,55,10,440.09,4400.9
2026-05-12,TXN-2026-05-12-SHL-71,SHL,21,14,10,670.28,6702.83
2026-05-12,TXN-2026-05-12-SHL-72,SHL,31,24,50,940.34,47017.08
2026-05-12,TXN-2026-05-12-SHL-73,SHL,39,54,50,1347.83,67391.67
2026-05-12,TXN-2026-05-12-SHL-74,SHL,47,56,50,685.5,34275.17
2026-05-12,TXN-2026-05-12-SHL-75,SHL,19,3,100,666.27,66626.9
2026-05-12,TXN-2026-05-12-SHL-76,SHL,34,30,10,701.65,7016.52
2026-05-12,TXN-2026-05-12-SHL-77,SHL,41,53,1000,853.96,853959.56
2026-05-12,TXN-2026-05-12-SHL-78,SHL,60,56,100,783.97,78397.09
2026-05-12,TXN-2026-05-12-SHL-79,SHL,58,51,500,1003.65,501825.67
2026-05-12,TXN-2026-05-12-SHL-80,SHL,7,60,100,964.86,96486.32
2026-05-12,TXN-2026-05-12-SHL-81,SHL,25,44,5000,945.71,4728566.94
2026-05-12,TXN-2026-05-12-SHL-82,SHL,33,36,5000,543.64,2718206.48
2026-05-12,TXN-2026-05-12-SHL-83,SHL,25,25,500,1271.94,635971.72
2026-05-12,TXN-2026-05-12-SHL-84,SHL,25,18,50,1036.09,51804.41
2026-05-12,TXN-2026-05-12-SHL-85,SHL,50,2,500,646.77,323385.63
2026-05-12,TXN-2026-05-12-SHL-86,SHL,17,43,500,347.02,173511.8
2026-05-12,TXN-2026-05-12-SHL-87,SHL,40,35,100,648.63,64862.53
2026-05-12,TXN-2026-05-12-SHL-88,SHL,29,52,10,307.34,3073.41
2026-05-12,TXN-2026-05-12-SHL-89,SHL,34,11,100,794.88,79488.23
2026-05-12,TXN-2026-05-12-SHL-90,SHL,35,20,1000,227.16,227159.28
2026-05-12,TXN-2026-05-12-SHL-91,SHL,42,49,1000,496.47,496467.01
2026-05-12,TXN-2026-05-12-SHL-92,SHL,3,34,100,781.96,78196.11
2026-05-12,TXN-2026-05-12-SHL-93,SHL,6,35,100,1263.08,126307.79
2026-05-12,TXN-2026-05-12-SHL-94,SHL,6,46,500,1111.86,555930.95
2026-05-12,TXN-2026-05-12-SHL-95,SHL,7,39,1000,624.06,624063.46
2026-05-12,TXN-2026-05-12-SHL-96,SHL,8,55,1000,838.6,838599.02
2026-05-12,TXN-2026-05-12-SHL-97,SHL,3,32,500,1019.4,509697.56
2026-05-12,TXN-2026-05-12-SHL-98,SHL,33,58,1000,458.7,458699.19
2026-05-12,TXN-2026-05-12-SHL-99,SHL,19,51,50,831.5,41575.07
2026-05-12,TXN-2026-05-12-SHL-100,SHL,19,14,100,1278.82,127881.56
2026-05-12,TXN-2026-05-12-SHL-101,SHL,6,17,5000,244.58,1222912.97
2026-05-12,TXN-2026-05-12-SHL-102,SHL,60,12,100,432.13,43212.72
2026-05-12,TXN-2026-05-12-SHL-103,SHL,9,25,10,465.11,4651.13
2026-05-12,TXN-2026-05-12-STC-0,STC,7,42,5000,482.16,2410798.72
2026-05-12,TXN-2026-05-12-STC-1,STC,32,39,100,289.16,28915.81
2026-05-12,TXN-2026-05-12-STC-2,STC,38,39,5000,570.22,2851091.87
2026-05-12,TXN-2026-05-12-STC-3,STC,41,57,100,1428.13,142813.48
2026-05-12,TXN-2026-05-12-STC-4,STC,4,55,50,379.25,18962.34
2026-05-12,TXN-2026-05-12-STC-5,STC,14,32,5000,1060.62,5303117.82
2026-05-12,TXN-2026-05-12-STC-6,STC,45,46,100,902.07,90207.18
2026-05-12,TXN-2026-05-12-STC-7,STC,20,39,10,605.84,6058.36
2026-05-12,TXN-2026-05-12-STC-8,STC,57,4,5000,949.24,4746204.38
2026-05-12,TXN-2026-05-12-STC-9,STC,50,39,100,262.96,26295.92
2026-05-12,TXN-2026-05-12-STC-10,STC,44,28,5000,294.93,1474663.13
2026-05-12,TXN-2026-05-12-STC-11,STC,55,46,1000,1103.41,1103408.01
2026-05-12,TXN-2026-05-12-STC-12,STC,58,32,5000,242.64,1213214.66
2026-05-12,TXN-2026-05-12-STC-13,STC,53,12,100,1428.25,142824.6
2026-05-12,TXN-2026-05-12-STC-14,STC,54,33,500,1002.8,501400.62
2026-05-12,TXN-2026-05-12-STC-15,STC,49,30,10,798.42,7984.16
2026-05-12,TXN-2026-05-12-STC-16,STC,37,60,50,948.81,47440.71
2026-05-12,TXN-2026-05-12-STC-17,STC,35,37,100,1246.27,124627.0
2026-05-12,TXN-2026-05-12-STC-18,STC,51,9,50,219.4,10970.23
2026-05-12,TXN-2026-05-12-STC-19,STC,1,36,100,1093.28,109328.43
2026-05-12,TXN-2026-05-12-STC-20,STC,47,9,500,1464.51,732256.73
2026-05-12,TXN-2026-05-12-STC-21,STC,8,54,1000,1322.04,1322042.64
2026-05-12,TXN-2026-05-12-STC-22,STC,19,56,50,1068.34,53417.13
2026-05-12,TXN-2026-05-12-STC-23,STC,7,3,5000,902.0,4509979.28
2026-05-12,TXN-2026-05-12-STC-24,STC,52,13,10,442.76,4427.64
2026-05-12,TXN-2026-05-12-STC-25,STC,16,17,1000,208.1,208100.13
2026-05-12,TXN-2026-05-12-STC-26,STC,16,57,10,912.23,9122.33
2026-05-12,TXN-2026-05-12-STC-27,STC,6,37,100,786.31,78630.68
2026-05-12,TXN-2026-05-12-STC-28,STC,28,4,500,618.28,309137.86
2026-05-12,TXN-2026-05-12-STC-29,STC,44,13,500,792.82,396411.18
2026-05-12,TXN-2026-05-12-STC-30,STC,53,52,10,937.05,9370.53
2026-05-12,TXN-2026-05-12-STC-31,STC,15,35,10,924.67,9246.74
2026-05-12,TXN-2026-05-12-STC-32,STC,35,38,1000,280.82,280819.11
2026-05-12,TXN-2026-05-12-STC-33,STC,35,52,1000,519.74,519737.54
2026-05-12,TXN-2026-05-12-STC-34,STC,33,16,50,753.16,37658.12
2026-05-12,TXN-2026-05-12-STC-35,STC,22,40,500,1267.79,633895.19
2026-05-12,TXN-2026-05-12-STC-36,STC,26,19,500,1428.06,714028.86
2026-05-12,TXN-2026-05-12-STC-37,STC,15,60,5000,1415.26,7076300.03
2026-05-12,TXN-2026-05-12-STC-38,STC,46,1,10,1154.67,11546.71
2026-05-12,TXN-2026-05-12-STC-39,STC,1,58,10,716.25,7162.46
2026-05-12,TXN-2026-05-12-STC-40,STC,38,8,10,238.54,2385.38
2026-05-12,TXN-2026-05-12-STC-41,STC,17,53,500,1395.61,697805.57
2026-05-12,TXN-2026-05-12-STC-42,STC,39,13,500,1458.06,729031.22
2026-05-12,TXN-2026-05-12-STC-43,STC,27,58,10,1005.51,10055.09
2026-05-12,TXN-2026-05-12-STC-44,STC,39,55,50,276.77,13838.6
2026-05-12,TXN-2026-05-12-STC-45,STC,12,47,10,1183.15,11831.49
2026-05-12,TXN-2026-05-12-STC-46,STC,59,37,5000,1123.86,5619276.17
2026-05-12,TXN-2026-05-12-STC-47,STC,23,27,500,1463.23,731615.43
2026-05-12,TXN-2026-05-12-STC-48,STC,55,22,50,846.4,42319.8
2026-05-12,TXN-2026-05-12-STC-49,STC,32,53,1000,1308.6,1308598.11
2026-05-12,TXN-2026-05-12-STC-50,STC,42,18,50,1136.57,56828.64
2026-05-12,TXN-2026-05-12-STC-51,STC,41,31,500,920.91,460455.85
2026-05-12,TXN-2026-05-12-STC-52,STC,7,56,1000,781.49,781490.26
2026-05-12,TXN-2026-05-12-STC-53,STC,31,51,100,705.71,70571.23
2026-05-12,TXN-2026-05-12-STC-54,STC,47,5,10,683.44,6834.41
2026-05-12,TXN-2026-05-12-STC-55,STC,36,41,1000,943.07,943073.11
2026-05-12,TXN-2026-05-12-STC-56,STC,31,16,100,240.63,24062.85
2026-05-12,TXN-2026-05-12-STC-57,STC,42,23,500,1222.23,611116.13
2026-05-12,TXN-2026-05-12-STC-58,STC,38,54,5000,752.26,3761310.68
2026-05-12,TXN-2026-05-12-STC-59,STC,8,22,5000,973.85,4869272.9
2026-05-12,TXN-2026-05-12-STC-60,STC,58,54,5000,1378.71,6893538.44
2026-05-12,TXN-2026-05-12-STC-61,STC,26,34,500,1428.36,714178.59
2026-05-12,TXN-2026-05-12-STC-62,STC,60,3,10,990.58,9905.84
2026-05-12,TXN-2026-05-12-STC-63,STC,49,18,500,648.8,324401.22
2026-05-12,TXN-2026-05-12-STC-64,STC,36,40,50,1217.85,60892.27
2026-05-12,TXN-2026-05-12-STC-65,STC,40,35,5000,625.81,3129070.41
2026-05-12,TXN-2026-05-12-STC-66,STC,31,40,100,482.59,48258.55
2026-05-12,TXN-2026-05-12-STC-67,STC,37,52,100,685.49,68549.07
2026-05-12,TXN-2026-05-12-STC-68,STC,9,60,10,277.47,2774.71
2026-05-12,TXN-2026-05-12-STC-69,STC,37,44,50,309.36,15467.87
2026-05-12,TXN-2026-05-12-STC-70,STC,1,21,100,1392.53,139253.26
2026-05-12,TXN-2026-05-12-STC-71,STC,26,32,100,948.57,94857.21
2026-05-12,TXN-2026-05-12-STC-72,STC,59,21,5000,1268.99,6344972.86
2026-05-12,TXN-2026-05-12-STC-73,STC,28,7,100,657.25,65725.3
2026-05-12,TXN-2026-05-12-STC-74,STC,22,39,5000,1198.47,5992354.91
2026-05-12,TXN-2026-05-12-STC-75,STC,41,47,10,1317.64,13176.44
2026-05-12,TXN-2026-05-12-STC-76,STC,54,28,1000,511.44,511435.12
2026-05-12,TXN-2026-05-12-STC-77,STC,53,12,500,835.18,417588.75
2026-05-12,TXN-2026-05-12-STC-78,STC,23,13,1000,1389.44,1389444.35
2026-05-12,TXN-2026-05-12-STC-79,STC,27,35,500,515.65,257826.31
2026-05-12,TXN-2026-05-12-STC-80,STC,53,53,50,1494.36,74717.76
2026-05-12,TXN-2026-05-12-STC-81,STC,56,54,50,381.27,19063.55
2026-05-12,TXN-2026-05-12-STC-82,STC,47,22,500,794.03,397016.54
2026-05-12,TXN-2026-05-12-STC-83,STC,39,46,100,1083.91,108390.83
2026-05-12,TXN-2026-05-12-STC-84,STC,13,35,5000,1272.68,6363410.49
2026-05-12,TXN-2026-05-12-STC-85,STC,56,37,500,226.44,113221.45
2026-05-12,TXN-2026-05-12-STC-86,STC,56,37,5000,1180.31,5901574.55
2026-05-12,TXN-2026-05-12-STC-87,STC,48,20,100,1019.17,101916.62
2026-05-12,TXN-2026-05-12-STC-88,STC,58,19,5000,1404.27,7021361.37
2026-05-12,TXN-2026-05-12-STC-89,STC,18,37,500,1037.59,518796.93
2026-05-12,TXN-2026-05-12-STC-90,STC,33,45,50,687.99,34399.41
2026-05-12,TXN-2026-05-12-STC-91,STC,20,16,50,1259.82,62990.79
2026-05-12,TXN-2026-05-12-STC-92,STC,39,21,50,266.7,13334.85
2026-05-12,TXN-2026-05-12-STC-93,STC,53,18,500,442.67,221334.17
2026-05-12,TXN-2026-05-12-STC-94,STC,10,16,100,1112.08,111208.06
2026-05-12,TXN-2026-05-12-STC-95,STC,35,8,500,427.3,213652.5
2026-05-12,TXN-2026-05-12-STC-96,STC,52,23,500,1121.68,560840.47
2026-05-12,TXN-2026-05-12-STC-97,STC,39,33,100,685.05,68504.73
2026-05-12,TXN-2026-05-12-STC-98,STC,19,20,5000,614.0,3070024.46
2026-05-12,TXN-2026-05-12-STC-99,STC,44,20,10,929.49,9294.87
2026-05-12,TXN-2026-05-12-STC-100,STC,50,20,1000,971.65,971647.23
2026-05-12,TXN-2026-05-12-STC-101,STC,48,23,5000,345.6,1728002.71
2026-05-12,TXN-2026-05-12-STC-102,STC,58,8,5000,269.14,1345683.15
2026-05-12,TXN-2026-05-12-STC-103,STC,18,32,500,388.1,194049.06
2026-05-12,TXN-2026-05-12-STC-104,STC,2,18,100,382.3,38229.7
2026-05-12,TXN-2026-05-12-STC-105,STC,11,34,5000,212.33,1061629.51
2026-05-12,TXN-2026-05-12-STC-106,STC,45,28,50,1077.21,53860.3
2026-05-12,TXN-2026-05-12-STC-107,STC,47,9,10,530.55,5305.46
2026-05-12,TXN-2026-05-12-STC-108,STC,37,29,50,234.68,11733.93
2026-05-12,TXN-2026-05-12-STC-109,STC,10,14,10,634.99,6349.88
2026-05-12,TXN-2026-05-12-STC-110,STC,50,37,50,1473.84,73691.86
2026-05-12,TXN-2026-05-12-STC-111,STC,49,45,5000,1022.54,5112696.48
2026-05-12,TXN-2026-05-12-STC-112,STC,59,10,50,249.68,12483.8
2026-05-12,TXN-2026-05-12-STC-113,STC,44,35,5000,1337.2,6686002.32
2026-05-12,TXN-2026-05-12-NICL-0,NICL,41,43,1000,1255.09,1255086.32
2026-05-12,TXN-2026-05-12-NICL-1,NICL,55,9,1000,613.34,613335.05
2026-05-12,TXN-2026-05-12-NICL-2,NICL,10,36,50,1460.86,73042.79
2026-05-12,TXN-2026-05-12-NICL-3,NICL,11,57,50,338.09,16904.3
2026-05-12,TXN-2026-05-12-NICL-4,NICL,13,25,10,875.1,8750.96
2026-05-12,TXN-2026-05-12-NICL-5,NICL,38,52,10,419.44,4194.36
2026-05-12,TXN-2026-05-12-NICL-6,NICL,15,55,1000,1143.54,1143542.12
2026-05-12,TXN-2026-05-12-NICL-7,NICL,11,49,50,469.13,23456.46
2026-05-12,TXN-2026-05-12-NICL-8,NICL,22,44,100,1381.75,138174.89
2026-05-12,TXN-2026-05-12-NICL-9,NICL,8,54,5000,1017.69,5088454.61
2026-05-12,TXN-2026-05-12-NICL-10,NICL,38,54,10,987.51,9875.12
2026-05-12,TXN-2026-05-12-NICL-11,NICL,19,21,10,924.9,9248.96
2026-05-12,TXN-2026-05-12-NICL-12,NICL,4,53,500,861.76,430878.85
2026-05-12,TXN-2026-05-12-NICL-13,NICL,31,57,100,1206.33,120633.31
2026-05-12,TXN-2026-05-12-NICL-14,NICL,39,2,500,296.38,148190.73
2026-05-12,TXN-2026-05-12-NICL-15,NICL,1,21,500,988.11,494053.64
2026-05-12,TXN-2026-05-12-NICL-16,NICL,12,53,10,996.58,9965.82
2026-05-12,TXN-2026-05-12-NICL-17,NICL,11,18,50,579.29,28964.64
2026-05-12,TXN-2026-05-12-NICL-18,NICL,8,55,1000,221.07,221066.38
2026-05-12,TXN-2026-05-12-NICL-19,NICL,8,1,50,972.84,48641.87
2026-05-12,TXN-2026-05-12-NICL-20,NICL,38,40,500,632.44,316221.95
2026-05-12,TXN-2026-05-12-NICL-21,NICL,1,29,10,1215.81,12158.14
2026-05-12,TXN-2026-05-12-NICL-22,NICL,27,17,5000,1173.84,5869186.21
2026-05-12,TXN-2026-05-12-NICL-23,NICL,17,31,10,265.45,2654.47
2026-05-12,TXN-2026-05-12-NICL-24,NICL,14,13,5000,1403.23,7016157.95
2026-05-12,TXN-2026-05-12-NICL-25,NICL,51,14,1000,1211.09,1211089.09
2026-05-12,TXN-2026-05-12-NICL-26,NICL,2,48,50,527.24,26362.22
2026-05-12,TXN-2026-05-12-NICL-27,NICL,42,44,1000,698.6,698603.1
2026-05-12,TXN-2026-05-12-NICL-28,NICL,57,27,1000,481.84,481836.61
2026-05-12,TXN-2026-05-12-NICL-29,NICL,23,28,1000,1108.4,1108404.66
2026-05-12,TXN-2026-05-12-NICL-30,NICL,36,23,5000,725.14,3625717.56
2026-05-12,TXN-2026-05-12-NICL-31,NICL,37,56,50,932.23,46611.38
2026-05-12,TXN-2026-05-12-NICL-32,NICL,24,8,10,1368.75,13687.47
2026-05-12,TXN-2026-05-12-NICL-33,NICL,24,11,5000,746.54,3732683.74
2026-05-12,TXN-2026-05-12-NICL-34,NICL,39,22,100,378.25,37824.72
2026-05-12,TXN-2026-05-12-NICL-35,NICL,8,50,1000,200.24,200242.25
2026-05-12,TXN-2026-05-12-NICL-36,NICL,54,53,5000,1082.94,5414681.11
2026-05-12,TXN-2026-05-12-NICL-37,NICL,34,38,10,402.21,4022.07
2026-05-12,TXN-2026-05-12-NICL-38,NICL,36,60,10,1380.29,13802.85
2026-05-12,TXN-2026-05-12-NICL-39,NICL,28,38,5000,1121.19,5605926.24
2026-05-12,TXN-2026-05-12-NICL-40,NICL,51,45,1000,899.15,899150.29
2026-05-12,TXN-2026-05-12-NICL-41,NICL,3,9,50,262.67,13133.4
2026-05-12,TXN-2026-05-12-NICL-42,NICL,24,3,5000,774.91,3874561.24
2026-05-12,TXN-2026-05-12-NICL-43,NICL,38,10,500,324.75,162373.0
2026-05-12,TXN-2026-05-12-NICL-44,NICL,10,50,500,542.63,271312.66
2026-05-12,TXN-2026-05-12-NICL-45,NICL,28,46,500,819.0,409501.43
2026-05-12,TXN-2026-05-12-NICL-46,NICL,57,53,500,1125.94,562968.07
2026-05-12,TXN-2026-05-12-NICL-47,NICL,15,31,100,1271.0,127100.18
2026-05-12,TXN-2026-05-12-NICL-48,NICL,3,4,500,321.88,160938.6
2026-05-12,TXN-2026-05-12-NICL-49,NICL,29,7,500,465.54,232771.83
2026-05-12,TXN-2026-05-12-NICL-50,NICL,18,27,1000,595.5,595504.05
2026-05-12,TXN-2026-05-12-NICL-51,NICL,55,28,500,1125.61,562806.91
2026-05-12,TXN-2026-05-12-NICL-52,NICL,25,2,100,836.93,83693.21
2026-05-12,TXN-2026-05-12-NICL-53,NICL,53,48,500,756.6,378300.47
2026-05-12,TXN-2026-05-12-NICL-54,NICL,51,51,100,1185.45,118545.16
2026-05-12,TXN-2026-05-12-NICL-55,NICL,27,24,50,385.35,19267.66
2026-05-12,TXN-2026-05-12-NICL-56,NICL,34,13,50,1394.1,69705.14
2026-05-12,TXN-2026-05-12-NICL-57,NICL,18,41,100,745.06,74505.6
2026-05-12,TXN-2026-05-12-NICL-58,NICL,34,1,1000,418.31,418306.65
2026-05-12,TXN-2026-05-12-NICL-59,NICL,37,3,500,910.48,455238.58
2026-05-12,TXN-2026-05-12-NICL-60,NICL,10,34,1000,1339.19,1339187.32
2026-05-12,TXN-2026-05-12-NICL-61,NICL,25,54,5000,457.83,2289125.0
2026-05-12,TXN-2026-05-12-NICL-62,NICL,54,53,10,637.72,6377.23
2026-05-12,TXN-2026-05-12-NICL-63,NICL,25,31,500,1401.28,700638.97
2026-05-12,TXN-2026-05-12-NICL-64,NICL,29,17,50,640.97,32048.49
2026-05-12,TXN-2026-05-12-NICL-65,NICL,22,4,1000,616.59,616586.37
2026-05-12,TXN-2026-05-12-NICL-66,NICL,17,59,1000,1151.37,1151373.12
2026-05-12,TXN-2026-05-12-NICL-67,NICL,1,52,500,229.63,114815.02
2026-05-12,TXN-2026-05-12-NICL-68,NICL,28,26,500,527.28,263640.39
2026-05-12,TXN-2026-05-12-NICL-69,NICL,49,7,50,497.78,24888.86
2026-05-12,TXN-2026-05-12-NICL-70,NICL,18,21,5000,392.31,1961546.26
2026-05-12,TXN-2026-05-12-NICL-71,NICL,26,54,10,610.93,6109.27
2026-05-12,TXN-2026-05-12-NICL-72,NICL,55,25,10,925.87,9258.7
2026-05-12,TXN-2026-05-12-NICL-73,NICL,19,37,1000,1321.4,1321404.66
2026-05-12,TXN-2026-05-12-NICL-74,NICL,32,1,100,443.08,44308.5
2026-05-12,TXN-2026-05-12-NICL-75,NICL,33,53,50,1250.84,62541.94
2026-05-12,TXN-2026-05-12-NICL-76,NICL,40,14,10,1180.25,11802.45
2026-05-12,TXN-2026-05-12-NICL-77,NICL,8,7,10,905.68,9056.79
2026-05-12,TXN-2026-05-12-NICL-78,NICL,31,13,1000,459.73,459733.82
2026-05-12,TXN-2026-05-12-NICL-79,NICL,21,58,50,1141.13,57056.69
2026-05-12,TXN-2026-05-12-NICL-80,NICL,14,1,50,1492.82,74640.83
2026-05-12,TXN-2026-05-12-NICL-81,NICL,60,40,500,372.8,186401.0
2026-05-12,TXN-2026-05-12-NICL-82,NICL,17,4,500,653.42,326709.79
2026-05-12,TXN-2026-05-12-NICL-83,NICL,31,47,100,694.32,69431.81
2026-05-12,TXN-2026-05-12-NICL-84,NICL,52,20,100,341.21,34120.89
2026-05-12,TXN-2026-05-12-NICL-85,NICL,20,12,1000,885.26,885264.69
2026-05-12,TXN-2026-05-12-NICL-86,NICL,52,18,500,1323.0,661500.95
2026-05-12,TXN-2026-05-12-NICL-87,NICL,50,39,10,1447.57,14475.7
2026-05-12,TXN-2026-05-12-NICL-88,NICL,7,57,10,1253.31,12533.05
2026-05-12,TXN-2026-05-12-NICL-89,NICL,46,46,1000,323.15,323147.83
2026-05-12,TXN-2026-05-12-NICL-90,NICL,37,55,10,1397.78,13977.85
